timestamp,station_id,location,energy_kwh
2025-05-01 00:00:00,STN101,Chennai,29.85
2025-05-01 01:00:00,STN101,Chennai,17.46
2025-05-01 02:00:00,STN101,Chennai,16.77
2025-05-01 03:00:00,STN101,Chennai,19.58
2025-05-01 04:00:00,STN101,Chennai,16.57
2025-05-01 05:00:00,STN101,Chennai,21.18
2025-05-01 06:00:00,STN101,Chennai,18.07
2025-05-01 07:00:00,STN101,Chennai,14.21
2025-05-01 08:00:00,STN101,Chennai,18.26
2025-05-01 09:00:00,STN101,Chennai,22.89
2025-05-01 10:00:00,STN101,Chennai,12.69
2025-05-01 11:00:00,STN101,Chennai,23.97
2025-05-01 12:00:00,STN101,Chennai,21.06
2025-05-01 13:00:00,STN101,Chennai,11.03
2025-05-01 14:00:00,STN101,Chennai,10.6
2025-05-01 15:00:00,STN101,Chennai,23.11
2025-05-01 16:00:00,STN101,Chennai,19.28
2025-05-01 17:00:00,STN101,Chennai,15.87
2025-05-01 18:00:00,STN101,Chennai,18.24
2025-05-01 19:00:00,STN101,Chennai,15.45
2025-05-01 20:00:00,STN101,Chennai,14.9
2025-05-01 21:00:00,STN101,Chennai,22.7
2025-05-01 22:00:00,STN101,Chennai,13.99
2025-05-01 23:00:00,STN101,Chennai,19.01
2025-05-02 00:00:00,STN101,Chennai,13.44
2025-05-02 01:00:00,STN101,Chennai,27.17
2025-05-02 02:00:00,STN101,Chennai,22.37
2025-05-02 03:00:00,STN101,Chennai,19.19
2025-05-02 04:00:00,STN101,Chennai,17.88
2025-05-02 05:00:00,STN101,Chennai,14.61
2025-05-02 06:00:00,STN101,Chennai,18.75
2025-05-02 07:00:00,STN101,Chennai,26.38
2025-05-02 08:00:00,STN101,Chennai,22.36
2025-05-02 09:00:00,STN101,Chennai,22.25
2025-05-02 10:00:00,STN101,Chennai,21.51
2025-05-02 11:00:00,STN101,Chennai,15.13
2025-05-02 12:00:00,STN101,Chennai,20.44
2025-05-02 13:00:00,STN101,Chennai,16.97
2025-05-02 14:00:00,STN101,Chennai,17.14
2025-05-02 15:00:00,STN101,Chennai,18.92
2025-05-02 16:00:00,STN101,Chennai,22.7
2025-05-02 17:00:00,STN101,Chennai,26.36
2025-05-02 18:00:00,STN101,Chennai,23.42
2025-05-02 19:00:00,STN101,Chennai,19.25
2025-05-02 20:00:00,STN101,Chennai,15.48
2025-05-02 21:00:00,STN101,Chennai,16.41
2025-05-02 22:00:00,STN101,Chennai,14.38
2025-05-02 23:00:00,STN101,Chennai,19.7
2025-05-03 00:00:00,STN101,Chennai,18.92
2025-05-03 01:00:00,STN101,Chennai,25.0
2025-05-03 02:00:00,STN101,Chennai,23.09
2025-05-03 03:00:00,STN101,Chennai,21.2
2025-05-03 04:00:00,STN101,Chennai,19.09
2025-05-03 05:00:00,STN101,Chennai,22.34
2025-05-03 06:00:00,STN101,Chennai,22.25
2025-05-03 07:00:00,STN101,Chennai,22.62
2025-05-03 08:00:00,STN101,Chennai,22.4
2025-05-03 09:00:00,STN101,Chennai,21.81
2025-05-03 10:00:00,STN101,Chennai,15.85
2025-05-03 11:00:00,STN101,Chennai,29.49
2025-05-03 12:00:00,STN101,Chennai,20.41
2025-05-03 13:00:00,STN101,Chennai,12.9
2025-05-03 14:00:00,STN101,Chennai,18.48
2025-05-03 15:00:00,STN101,Chennai,16.89
2025-05-03 16:00:00,STN101,Chennai,25.63
2025-05-03 17:00:00,STN101,Chennai,20.59
2025-05-03 18:00:00,STN101,Chennai,21.79
2025-05-03 19:00:00,STN101,Chennai,19.42
2025-05-03 20:00:00,STN101,Chennai,17.23
2025-05-03 21:00:00,STN101,Chennai,20.74
2025-05-03 22:00:00,STN101,Chennai,17.24
2025-05-03 23:00:00,STN101,Chennai,25.25
2025-05-04 00:00:00,STN101,Chennai,26.5
2025-05-04 01:00:00,STN101,Chennai,19.9
2025-05-04 02:00:00,STN101,Chennai,20.0
2025-05-04 03:00:00,STN101,Chennai,24.85
2025-05-04 04:00:00,STN101,Chennai,22.99
2025-05-04 05:00:00,STN101,Chennai,16.08
2025-05-04 06:00:00,STN101,Chennai,22.17
2025-05-04 07:00:00,STN101,Chennai,23.61
2025-05-04 08:00:00,STN101,Chennai,18.26
2025-05-04 09:00:00,STN101,Chennai,21.89
2025-05-04 10:00:00,STN101,Chennai,9.98
2025-05-04 11:00:00,STN101,Chennai,15.31
2025-05-04 12:00:00,STN101,Chennai,22.46
2025-05-04 13:00:00,STN101,Chennai,13.94
2025-05-04 14:00:00,STN101,Chennai,19.49
2025-05-04 15:00:00,STN101,Chennai,16.71
2025-05-04 16:00:00,STN101,Chennai,22.76
2025-05-04 17:00:00,STN101,Chennai,16.19
2025-05-04 18:00:00,STN101,Chennai,13.48
2025-05-04 19:00:00,STN101,Chennai,20.33
2025-05-04 20:00:00,STN101,Chennai,21.72
2025-05-04 21:00:00,STN101,Chennai,20.58
2025-05-04 22:00:00,STN101,Chennai,30.59
2025-05-04 23:00:00,STN101,Chennai,19.34
2025-05-05 00:00:00,STN101,Chennai,26.62
2025-05-05 01:00:00,STN101,Chennai,7.76
2025-05-05 02:00:00,STN101,Chennai,20.13
2025-05-05 03:00:00,STN101,Chennai,23.88
2025-05-05 04:00:00,STN101,Chennai,18.36
2025-05-05 05:00:00,STN101,Chennai,19.43
2025-05-05 06:00:00,STN101,Chennai,16.77
2025-05-05 07:00:00,STN101,Chennai,16.15
2025-05-05 08:00:00,STN101,Chennai,12.03
2025-05-05 09:00:00,STN101,Chennai,22.85
2025-05-05 10:00:00,STN101,Chennai,25.27
2025-05-05 11:00:00,STN101,Chennai,21.31
2025-05-05 12:00:00,STN101,Chennai,19.9
2025-05-05 13:00:00,STN101,Chennai,19.35
2025-05-05 14:00:00,STN101,Chennai,21.61
2025-05-05 15:00:00,STN101,Chennai,22.34
2025-05-05 16:00:00,STN101,Chennai,13.85
2025-05-05 17:00:00,STN101,Chennai,27.39
2025-05-05 18:00:00,STN101,Chennai,11.88
2025-05-05 19:00:00,STN101,Chennai,17.86
2025-05-05 20:00:00,STN101,Chennai,10.52
2025-05-05 21:00:00,STN101,Chennai,20.71
2025-05-05 22:00:00,STN101,Chennai,19.4
2025-05-05 23:00:00,STN101,Chennai,19.21
2025-05-06 00:00:00,STN101,Chennai,15.3
2025-05-06 01:00:00,STN101,Chennai,20.32
2025-05-06 02:00:00,STN101,Chennai,21.13
2025-05-06 03:00:00,STN101,Chennai,15.11
2025-05-06 04:00:00,STN101,Chennai,20.8
2025-05-06 05:00:00,STN101,Chennai,30.65
2025-05-06 06:00:00,STN101,Chennai,19.88
2025-05-06 07:00:00,STN101,Chennai,9.53
2025-05-06 08:00:00,STN101,Chennai,23.74
2025-05-06 09:00:00,STN101,Chennai,17.35
2025-05-06 10:00:00,STN101,Chennai,20.14
2025-05-06 11:00:00,STN101,Chennai,19.31
2025-05-06 12:00:00,STN101,Chennai,22.74
2025-05-06 13:00:00,STN101,Chennai,18.97
2025-05-06 14:00:00,STN101,Chennai,29.29
2025-05-06 15:00:00,STN101,Chennai,24.63
2025-05-06 16:00:00,STN101,Chennai,15.22
2025-05-06 17:00:00,STN101,Chennai,18.64
2025-05-06 18:00:00,STN101,Chennai,24.13
2025-05-06 19:00:00,STN101,Chennai,23.55
2025-05-06 20:00:00,STN101,Chennai,13.34
2025-05-06 21:00:00,STN101,Chennai,31.4
2025-05-06 22:00:00,STN101,Chennai,17.94
2025-05-06 23:00:00,STN101,Chennai,13.83
2025-05-07 00:00:00,STN101,Chennai,20.37
2025-05-07 01:00:00,STN101,Chennai,17.1
2025-05-07 02:00:00,STN101,Chennai,27.55
2025-05-07 03:00:00,STN101,Chennai,25.79
2025-05-07 04:00:00,STN101,Chennai,12.96
2025-05-07 05:00:00,STN101,Chennai,17.21
2025-05-07 06:00:00,STN101,Chennai,26.68
2025-05-07 07:00:00,STN101,Chennai,20.03
2025-05-07 08:00:00,STN101,Chennai,24.99
2025-05-07 09:00:00,STN101,Chennai,11.81
2025-05-07 10:00:00,STN101,Chennai,13.96
2025-05-07 11:00:00,STN101,Chennai,22.07
2025-05-07 12:00:00,STN101,Chennai,15.65
2025-05-07 13:00:00,STN101,Chennai,22.2
2025-05-07 14:00:00,STN101,Chennai,16.96
2025-05-07 15:00:00,STN101,Chennai,19.92
2025-05-07 16:00:00,STN101,Chennai,22.02
2025-05-07 17:00:00,STN101,Chennai,16.63
2025-05-07 18:00:00,STN101,Chennai,13.08
2025-05-07 19:00:00,STN101,Chennai,22.88
2025-05-07 20:00:00,STN101,Chennai,21.81
2025-05-07 21:00:00,STN101,Chennai,26.95
2025-05-07 22:00:00,STN101,Chennai,23.25
2025-05-07 23:00:00,STN101,Chennai,12.33
2025-05-08 00:00:00,STN101,Chennai,18.55
2025-05-08 01:00:00,STN101,Chennai,19.2
2025-05-08 02:00:00,STN101,Chennai,16.82
2025-05-08 03:00:00,STN101,Chennai,20.14
2025-05-08 04:00:00,STN101,Chennai,23.22
2025-05-08 05:00:00,STN101,Chennai,19.3
2025-05-08 06:00:00,STN101,Chennai,24.66
2025-05-08 07:00:00,STN101,Chennai,19.59
2025-05-08 08:00:00,STN101,Chennai,26.36
2025-05-08 09:00:00,STN101,Chennai,25.22
2025-05-08 10:00:00,STN101,Chennai,28.84
2025-05-08 11:00:00,STN101,Chennai,9.94
2025-05-08 12:00:00,STN101,Chennai,16.52
2025-05-08 13:00:00,STN101,Chennai,27.12
2025-05-08 14:00:00,STN101,Chennai,19.09
2025-05-08 15:00:00,STN101,Chennai,24.53
2025-05-08 16:00:00,STN101,Chennai,9.34
2025-05-08 17:00:00,STN101,Chennai,17.75
2025-05-08 18:00:00,STN101,Chennai,8.01
2025-05-08 19:00:00,STN101,Chennai,28.56
2025-05-08 20:00:00,STN101,Chennai,23.03
2025-05-08 21:00:00,STN101,Chennai,18.87
2025-05-08 22:00:00,STN101,Chennai,16.82
2025-05-08 23:00:00,STN101,Chennai,27.1
2025-05-09 00:00:00,STN101,Chennai,26.7
2025-05-09 01:00:00,STN101,Chennai,22.74
2025-05-09 02:00:00,STN101,Chennai,17.78
2025-05-09 03:00:00,STN101,Chennai,20.8
2025-05-09 04:00:00,STN101,Chennai,31.87
2025-05-09 05:00:00,STN101,Chennai,28.93
2025-05-09 06:00:00,STN101,Chennai,19.49
2025-05-09 07:00:00,STN101,Chennai,27.04
2025-05-09 08:00:00,STN101,Chennai,21.25
2025-05-09 09:00:00,STN101,Chennai,16.99
2025-05-09 10:00:00,STN101,Chennai,16.05
2025-05-09 11:00:00,STN101,Chennai,20.42
2025-05-09 12:00:00,STN101,Chennai,16.64
2025-05-09 13:00:00,STN101,Chennai,14.2
2025-05-09 14:00:00,STN101,Chennai,20.46
2025-05-09 15:00:00,STN101,Chennai,22.12
2025-05-09 16:00:00,STN101,Chennai,27.17
2025-05-09 17:00:00,STN101,Chennai,22.22
2025-05-09 18:00:00,STN101,Chennai,22.29
2025-05-09 19:00:00,STN101,Chennai,26.57
2025-05-09 20:00:00,STN101,Chennai,19.65
2025-05-09 21:00:00,STN101,Chennai,23.25
2025-05-09 22:00:00,STN101,Chennai,20.26
2025-05-09 23:00:00,STN101,Chennai,18.71
2025-05-10 00:00:00,STN101,Chennai,33.51
2025-05-10 01:00:00,STN101,Chennai,17.25
2025-05-10 02:00:00,STN101,Chennai,23.53
2025-05-10 03:00:00,STN101,Chennai,20.25
2025-05-10 04:00:00,STN101,Chennai,18.17
2025-05-10 05:00:00,STN101,Chennai,21.37
2025-05-10 06:00:00,STN101,Chennai,27.17
2025-05-10 07:00:00,STN101,Chennai,21.24
2025-05-10 08:00:00,STN101,Chennai,25.53
2025-05-10 09:00:00,STN101,Chennai,25.01
2025-05-10 10:00:00,STN101,Chennai,16.02
2025-05-10 11:00:00,STN101,Chennai,23.3
2025-05-10 12:00:00,STN101,Chennai,21.42
2025-05-10 13:00:00,STN101,Chennai,25.83
2025-05-10 14:00:00,STN101,Chennai,9.77
2025-05-10 15:00:00,STN101,Chennai,19.77
2025-05-10 16:00:00,STN101,Chennai,25.09
2025-05-10 17:00:00,STN101,Chennai,24.02
2025-05-10 18:00:00,STN101,Chennai,26.8
2025-05-10 19:00:00,STN101,Chennai,30.93
2025-05-10 20:00:00,STN101,Chennai,18.89
2025-05-10 21:00:00,STN101,Chennai,19.98
2025-05-10 22:00:00,STN101,Chennai,24.93
2025-05-10 23:00:00,STN101,Chennai,17.75
2025-05-11 00:00:00,STN101,Chennai,19.48
2025-05-11 01:00:00,STN101,Chennai,19.73
2025-05-11 02:00:00,STN101,Chennai,13.71
2025-05-11 03:00:00,STN101,Chennai,15.13
2025-05-11 04:00:00,STN101,Chennai,19.08
2025-05-11 05:00:00,STN101,Chennai,16.85
2025-05-11 06:00:00,STN101,Chennai,25.07
2025-05-11 07:00:00,STN101,Chennai,12.22
2025-05-11 08:00:00,STN101,Chennai,24.71
2025-05-11 09:00:00,STN101,Chennai,10.83
2025-05-11 10:00:00,STN101,Chennai,20.03
2025-05-11 11:00:00,STN101,Chennai,21.22
2025-05-11 12:00:00,STN101,Chennai,29.18
2025-05-11 13:00:00,STN101,Chennai,22.66
2025-05-11 14:00:00,STN101,Chennai,22.49
2025-05-11 15:00:00,STN101,Chennai,20.5
2025-05-11 16:00:00,STN101,Chennai,23.6
2025-05-11 17:00:00,STN101,Chennai,18.14
2025-05-11 18:00:00,STN101,Chennai,10.47
2025-05-11 19:00:00,STN101,Chennai,20.35
2025-05-11 20:00:00,STN101,Chennai,24.84
2025-05-11 21:00:00,STN101,Chennai,20.91
2025-05-11 22:00:00,STN101,Chennai,17.08
2025-05-11 23:00:00,STN101,Chennai,22.77
2025-05-12 00:00:00,STN101,Chennai,13.86
2025-05-12 01:00:00,STN101,Chennai,23.73
2025-05-12 02:00:00,STN101,Chennai,23.73
2025-05-12 03:00:00,STN101,Chennai,14.09
2025-05-12 04:00:00,STN101,Chennai,18.31
2025-05-12 05:00:00,STN101,Chennai,20.9
2025-05-12 06:00:00,STN101,Chennai,19.61
2025-05-12 07:00:00,STN101,Chennai,14.22
2025-05-12 08:00:00,STN101,Chennai,15.28
2025-05-12 09:00:00,STN101,Chennai,12.4
2025-05-12 10:00:00,STN101,Chennai,17.9
2025-05-12 11:00:00,STN101,Chennai,23.99
2025-05-12 12:00:00,STN101,Chennai,23.84
2025-05-12 13:00:00,STN101,Chennai,17.62
2025-05-12 14:00:00,STN101,Chennai,19.38
2025-05-12 15:00:00,STN101,Chennai,25.19
2025-05-12 16:00:00,STN101,Chennai,17.92
2025-05-12 17:00:00,STN101,Chennai,16.98
2025-05-12 18:00:00,STN101,Chennai,24.67
2025-05-12 19:00:00,STN101,Chennai,15.23
2025-05-12 20:00:00,STN101,Chennai,19.9
2025-05-12 21:00:00,STN101,Chennai,24.51
2025-05-12 22:00:00,STN101,Chennai,23.51
2025-05-12 23:00:00,STN101,Chennai,23.37
2025-05-13 00:00:00,STN101,Chennai,21.53
2025-05-13 01:00:00,STN101,Chennai,22.95
2025-05-13 02:00:00,STN101,Chennai,26.54
2025-05-13 03:00:00,STN101,Chennai,17.13
2025-05-13 04:00:00,STN101,Chennai,21.86
2025-05-13 05:00:00,STN101,Chennai,18.24
2025-05-13 06:00:00,STN101,Chennai,10.89
2025-05-13 07:00:00,STN101,Chennai,23.49
2025-05-13 08:00:00,STN101,Chennai,23.73
2025-05-13 09:00:00,STN101,Chennai,22.93
2025-05-13 10:00:00,STN101,Chennai,15.06
2025-05-13 11:00:00,STN101,Chennai,20.59
2025-05-13 12:00:00,STN101,Chennai,18.55
2025-05-13 13:00:00,STN101,Chennai,19.98
2025-05-13 14:00:00,STN101,Chennai,13.77
2025-05-13 15:00:00,STN101,Chennai,22.34
2025-05-13 16:00:00,STN101,Chennai,25.96
2025-05-13 17:00:00,STN101,Chennai,21.0
2025-05-13 18:00:00,STN101,Chennai,27.19
2025-05-13 19:00:00,STN101,Chennai,22.74
2025-05-13 20:00:00,STN101,Chennai,16.54
2025-05-13 21:00:00,STN101,Chennai,27.76
2025-05-13 22:00:00,STN101,Chennai,19.23
2025-05-13 23:00:00,STN101,Chennai,29.27
2025-05-14 00:00:00,STN101,Chennai,25.29
2025-05-14 01:00:00,STN101,Chennai,20.91
2025-05-14 02:00:00,STN101,Chennai,10.88
2025-05-14 03:00:00,STN101,Chennai,24.5
2025-05-14 04:00:00,STN101,Chennai,16.47
2025-05-14 05:00:00,STN101,Chennai,31.32
2025-05-14 06:00:00,STN101,Chennai,28.5
2025-05-14 07:00:00,STN101,Chennai,16.71
2025-05-14 08:00:00,STN101,Chennai,22.65
2025-05-14 09:00:00,STN101,Chennai,20.7
2025-05-14 10:00:00,STN101,Chennai,23.47
2025-05-14 11:00:00,STN101,Chennai,20.77
2025-05-14 12:00:00,STN101,Chennai,17.27
2025-05-14 13:00:00,STN101,Chennai,18.82
2025-05-14 14:00:00,STN101,Chennai,18.62
2025-05-14 15:00:00,STN101,Chennai,21.58
2025-05-14 16:00:00,STN101,Chennai,19.04
2025-05-14 17:00:00,STN101,Chennai,18.97
2025-05-14 18:00:00,STN101,Chennai,11.56
2025-05-14 19:00:00,STN101,Chennai,20.42
2025-05-14 20:00:00,STN101,Chennai,18.79
2025-05-14 21:00:00,STN101,Chennai,15.89
2025-05-14 22:00:00,STN101,Chennai,16.39
2025-05-14 23:00:00,STN101,Chennai,16.84
2025-05-15 00:00:00,STN101,Chennai,21.02
2025-05-15 01:00:00,STN101,Chennai,28.8
2025-05-15 02:00:00,STN101,Chennai,16.33
2025-05-15 03:00:00,STN101,Chennai,22.25
2025-05-15 04:00:00,STN101,Chennai,20.74
2025-05-15 05:00:00,STN101,Chennai,16.27
2025-05-15 06:00:00,STN101,Chennai,17.68
2025-05-15 07:00:00,STN101,Chennai,13.09
2025-05-15 08:00:00,STN101,Chennai,18.92
2025-05-15 09:00:00,STN101,Chennai,11.48
2025-05-15 10:00:00,STN101,Chennai,22.15
2025-05-15 11:00:00,STN101,Chennai,13.3
2025-05-15 12:00:00,STN101,Chennai,14.98
2025-05-15 13:00:00,STN101,Chennai,13.36
2025-05-15 14:00:00,STN101,Chennai,23.99
2025-05-15 15:00:00,STN101,Chennai,25.13
2025-05-15 16:00:00,STN101,Chennai,22.29
2025-05-15 17:00:00,STN101,Chennai,26.37
2025-05-15 18:00:00,STN101,Chennai,16.71
2025-05-15 19:00:00,STN101,Chennai,25.06
2025-05-15 20:00:00,STN101,Chennai,20.82
2025-05-15 21:00:00,STN101,Chennai,18.95
2025-05-15 22:00:00,STN101,Chennai,13.08
2025-05-15 23:00:00,STN101,Chennai,16.81
2025-05-16 00:00:00,STN101,Chennai,18.9
2025-05-16 01:00:00,STN101,Chennai,18.26
2025-05-16 02:00:00,STN101,Chennai,15.55
2025-05-16 03:00:00,STN101,Chennai,34.64
2025-05-16 04:00:00,STN101,Chennai,21.93
2025-05-16 05:00:00,STN101,Chennai,21.48
2025-05-16 06:00:00,STN101,Chennai,15.92
2025-05-16 07:00:00,STN101,Chennai,21.53
2025-05-16 08:00:00,STN101,Chennai,27.84
2025-05-16 09:00:00,STN101,Chennai,13.6
2025-05-16 10:00:00,STN101,Chennai,15.7
2025-05-16 11:00:00,STN101,Chennai,20.88
2025-05-16 12:00:00,STN101,Chennai,29.5
2025-05-16 13:00:00,STN101,Chennai,16.93
2025-05-16 14:00:00,STN101,Chennai,22.64
2025-05-16 15:00:00,STN101,Chennai,18.57
2025-05-16 16:00:00,STN101,Chennai,16.6
2025-05-16 17:00:00,STN101,Chennai,19.43
2025-05-16 18:00:00,STN101,Chennai,13.14
2025-05-16 19:00:00,STN101,Chennai,26.07
2025-05-16 20:00:00,STN101,Chennai,19.32
2025-05-16 21:00:00,STN101,Chennai,20.25
2025-05-16 22:00:00,STN101,Chennai,16.17
2025-05-16 23:00:00,STN101,Chennai,21.85
2025-05-17 00:00:00,STN101,Chennai,17.34
2025-05-17 01:00:00,STN101,Chennai,25.3
2025-05-17 02:00:00,STN101,Chennai,16.12
2025-05-17 03:00:00,STN101,Chennai,26.71
2025-05-17 04:00:00,STN101,Chennai,25.26
2025-05-17 05:00:00,STN101,Chennai,28.65
2025-05-17 06:00:00,STN101,Chennai,10.65
2025-05-17 07:00:00,STN101,Chennai,10.89
2025-05-17 08:00:00,STN101,Chennai,22.71
2025-05-17 09:00:00,STN101,Chennai,24.18
2025-05-17 10:00:00,STN101,Chennai,27.69
2025-05-17 11:00:00,STN101,Chennai,28.14
2025-05-17 12:00:00,STN101,Chennai,19.36
2025-05-17 13:00:00,STN101,Chennai,23.12
2025-05-17 14:00:00,STN101,Chennai,20.05
2025-05-17 15:00:00,STN101,Chennai,21.91
2025-05-17 16:00:00,STN101,Chennai,12.02
2025-05-17 17:00:00,STN101,Chennai,19.86
2025-05-17 18:00:00,STN101,Chennai,20.04
2025-05-17 19:00:00,STN101,Chennai,22.05
2025-05-17 20:00:00,STN101,Chennai,18.86
2025-05-17 21:00:00,STN101,Chennai,25.41
2025-05-17 22:00:00,STN101,Chennai,19.29
2025-05-17 23:00:00,STN101,Chennai,21.21
2025-05-18 00:00:00,STN101,Chennai,13.66
2025-05-18 01:00:00,STN101,Chennai,13.42
2025-05-18 02:00:00,STN101,Chennai,14.01
2025-05-18 03:00:00,STN101,Chennai,21.46
2025-05-18 04:00:00,STN101,Chennai,17.98
2025-05-18 05:00:00,STN101,Chennai,19.07
2025-05-18 06:00:00,STN101,Chennai,28.22
2025-05-18 07:00:00,STN101,Chennai,22.4
2025-05-18 08:00:00,STN101,Chennai,24.97
2025-05-18 09:00:00,STN101,Chennai,24.02
2025-05-18 10:00:00,STN101,Chennai,27.52
2025-05-18 11:00:00,STN101,Chennai,16.55
2025-05-18 12:00:00,STN101,Chennai,21.7
2025-05-18 13:00:00,STN101,Chennai,22.06
2025-05-18 14:00:00,STN101,Chennai,28.06
2025-05-18 15:00:00,STN101,Chennai,12.03
2025-05-18 16:00:00,STN101,Chennai,13.68
2025-05-18 17:00:00,STN101,Chennai,24.42
2025-05-18 18:00:00,STN101,Chennai,13.46
2025-05-18 19:00:00,STN101,Chennai,25.31
2025-05-18 20:00:00,STN101,Chennai,13.97
2025-05-18 21:00:00,STN101,Chennai,14.06
2025-05-18 22:00:00,STN101,Chennai,17.89
2025-05-18 23:00:00,STN101,Chennai,22.92
2025-05-19 00:00:00,STN101,Chennai,25.62
2025-05-19 01:00:00,STN101,Chennai,17.87
2025-05-19 02:00:00,STN101,Chennai,20.54
2025-05-19 03:00:00,STN101,Chennai,9.46
2025-05-19 04:00:00,STN101,Chennai,16.76
2025-05-19 05:00:00,STN101,Chennai,20.78
2025-05-19 06:00:00,STN101,Chennai,20.25
2025-05-19 07:00:00,STN101,Chennai,28.51
2025-05-19 08:00:00,STN101,Chennai,25.89
2025-05-19 09:00:00,STN101,Chennai,19.02
2025-05-19 10:00:00,STN101,Chennai,16.23
2025-05-19 11:00:00,STN101,Chennai,17.43
2025-05-19 12:00:00,STN101,Chennai,30.4
2025-05-19 13:00:00,STN101,Chennai,19.54
2025-05-19 14:00:00,STN101,Chennai,4.74
2025-05-19 15:00:00,STN101,Chennai,18.35
2025-05-19 16:00:00,STN101,Chennai,19.72
2025-05-19 17:00:00,STN101,Chennai,22.92
2025-05-19 18:00:00,STN101,Chennai,9.72
2025-05-19 19:00:00,STN101,Chennai,20.65
2025-05-19 20:00:00,STN101,Chennai,22.81
2025-05-19 21:00:00,STN101,Chennai,29.04
2025-05-19 22:00:00,STN101,Chennai,20.29
2025-05-19 23:00:00,STN101,Chennai,21.76
2025-05-20 00:00:00,STN101,Chennai,17.99
2025-05-20 01:00:00,STN101,Chennai,17.2
2025-05-20 02:00:00,STN101,Chennai,20.54
2025-05-20 03:00:00,STN101,Chennai,20.75
2025-05-20 04:00:00,STN101,Chennai,18.63
2025-05-20 05:00:00,STN101,Chennai,14.12
2025-05-20 06:00:00,STN101,Chennai,21.8
2025-05-20 07:00:00,STN101,Chennai,27.55
2025-05-20 08:00:00,STN101,Chennai,22.03
2025-05-20 09:00:00,STN101,Chennai,16.33
2025-05-20 10:00:00,STN101,Chennai,26.0
2025-05-20 11:00:00,STN101,Chennai,17.55
2025-05-20 12:00:00,STN101,Chennai,19.6
2025-05-20 13:00:00,STN101,Chennai,21.1
2025-05-20 14:00:00,STN101,Chennai,29.8
2025-05-20 15:00:00,STN101,Chennai,21.85
2025-05-20 16:00:00,STN101,Chennai,12.73
2025-05-20 17:00:00,STN101,Chennai,15.04
2025-05-20 18:00:00,STN101,Chennai,20.83
2025-05-20 19:00:00,STN101,Chennai,20.29
2025-05-20 20:00:00,STN101,Chennai,18.75
2025-05-20 21:00:00,STN101,Chennai,30.68
2025-05-20 22:00:00,STN101,Chennai,29.59
2025-05-20 23:00:00,STN101,Chennai,15.37
2025-05-21 00:00:00,STN101,Chennai,26.82
2025-05-21 01:00:00,STN101,Chennai,18.38
2025-05-21 02:00:00,STN101,Chennai,31.26
2025-05-21 03:00:00,STN101,Chennai,14.41
2025-05-21 04:00:00,STN101,Chennai,29.55
2025-05-21 05:00:00,STN101,Chennai,24.48
2025-05-21 06:00:00,STN101,Chennai,21.98
2025-05-21 07:00:00,STN101,Chennai,26.22
2025-05-21 08:00:00,STN101,Chennai,25.81
2025-05-21 09:00:00,STN101,Chennai,21.33
2025-05-21 10:00:00,STN101,Chennai,22.72
2025-05-21 11:00:00,STN101,Chennai,18.09
2025-05-21 12:00:00,STN101,Chennai,15.78
2025-05-21 13:00:00,STN101,Chennai,20.59
2025-05-21 14:00:00,STN101,Chennai,19.98
2025-05-21 15:00:00,STN101,Chennai,29.11
2025-05-21 16:00:00,STN101,Chennai,18.23
2025-05-21 17:00:00,STN101,Chennai,21.08
2025-05-21 18:00:00,STN101,Chennai,21.22
2025-05-21 19:00:00,STN101,Chennai,25.04
2025-05-21 20:00:00,STN101,Chennai,19.95
2025-05-21 21:00:00,STN101,Chennai,22.48
2025-05-21 22:00:00,STN101,Chennai,14.53
2025-05-21 23:00:00,STN101,Chennai,26.86
2025-05-22 00:00:00,STN101,Chennai,15.56
2025-05-22 01:00:00,STN101,Chennai,24.39
2025-05-22 02:00:00,STN101,Chennai,36.62
2025-05-22 03:00:00,STN101,Chennai,20.57
2025-05-22 04:00:00,STN101,Chennai,10.62
2025-05-22 05:00:00,STN101,Chennai,22.43
2025-05-22 06:00:00,STN101,Chennai,16.36
2025-05-22 07:00:00,STN101,Chennai,26.87
2025-05-22 08:00:00,STN101,Chennai,20.62
2025-05-22 09:00:00,STN101,Chennai,19.63
2025-05-22 10:00:00,STN101,Chennai,22.59
2025-05-22 11:00:00,STN101,Chennai,20.18
2025-05-22 12:00:00,STN101,Chennai,28.21
2025-05-22 13:00:00,STN101,Chennai,22.17
2025-05-22 14:00:00,STN101,Chennai,12.96
2025-05-22 15:00:00,STN101,Chennai,18.76
2025-05-22 16:00:00,STN101,Chennai,15.35
2025-05-22 17:00:00,STN101,Chennai,16.78
2025-05-22 18:00:00,STN101,Chennai,15.05
2025-05-22 19:00:00,STN101,Chennai,11.4
2025-05-22 20:00:00,STN101,Chennai,16.59
2025-05-22 21:00:00,STN101,Chennai,18.23
2025-05-22 22:00:00,STN101,Chennai,16.39
2025-05-22 23:00:00,STN101,Chennai,11.68
2025-05-23 00:00:00,STN101,Chennai,13.58
2025-05-23 01:00:00,STN101,Chennai,35.73
2025-05-23 02:00:00,STN101,Chennai,20.09
2025-05-23 03:00:00,STN101,Chennai,23.68
2025-05-23 04:00:00,STN101,Chennai,18.7
2025-05-23 05:00:00,STN101,Chennai,22.02
2025-05-23 06:00:00,STN101,Chennai,30.81
2025-05-23 07:00:00,STN101,Chennai,16.51
2025-05-23 08:00:00,STN101,Chennai,17.25
2025-05-23 09:00:00,STN101,Chennai,21.97
2025-05-23 10:00:00,STN101,Chennai,23.36
2025-05-23 11:00:00,STN101,Chennai,22.96
2025-05-23 12:00:00,STN101,Chennai,13.35
2025-05-23 13:00:00,STN101,Chennai,22.41
2025-05-23 14:00:00,STN101,Chennai,22.88
2025-05-23 15:00:00,STN101,Chennai,17.76
2025-05-23 16:00:00,STN101,Chennai,22.94
2025-05-23 17:00:00,STN101,Chennai,23.4
2025-05-23 18:00:00,STN101,Chennai,18.98
2025-05-23 19:00:00,STN101,Chennai,20.8
2025-05-23 20:00:00,STN101,Chennai,21.97
2025-05-23 21:00:00,STN101,Chennai,22.33
2025-05-23 22:00:00,STN101,Chennai,25.06
2025-05-23 23:00:00,STN101,Chennai,21.77
2025-05-24 00:00:00,STN101,Chennai,22.53
2025-05-24 01:00:00,STN101,Chennai,25.74
2025-05-24 02:00:00,STN101,Chennai,30.34
2025-05-24 03:00:00,STN101,Chennai,22.54
2025-05-24 04:00:00,STN101,Chennai,20.51
2025-05-24 05:00:00,STN101,Chennai,16.92
2025-05-24 06:00:00,STN101,Chennai,14.57
2025-05-24 07:00:00,STN101,Chennai,16.92
2025-05-24 08:00:00,STN101,Chennai,31.37
2025-05-24 09:00:00,STN101,Chennai,10.47
2025-05-24 10:00:00,STN101,Chennai,19.66
2025-05-24 11:00:00,STN101,Chennai,16.1
2025-05-24 12:00:00,STN101,Chennai,18.54
2025-05-24 13:00:00,STN101,Chennai,27.78
2025-05-24 14:00:00,STN101,Chennai,21.71
2025-05-24 15:00:00,STN101,Chennai,12.22
2025-05-24 16:00:00,STN101,Chennai,15.5
2025-05-24 17:00:00,STN101,Chennai,19.16
2025-05-24 18:00:00,STN101,Chennai,0.0
2025-05-24 19:00:00,STN101,Chennai,19.33
2025-05-24 20:00:00,STN101,Chennai,23.44
2025-05-24 21:00:00,STN101,Chennai,23.24
2025-05-24 22:00:00,STN101,Chennai,20.57
2025-05-24 23:00:00,STN101,Chennai,24.14
2025-05-25 00:00:00,STN101,Chennai,14.78
2025-05-25 01:00:00,STN101,Chennai,13.02
2025-05-25 02:00:00,STN101,Chennai,26.65
2025-05-25 03:00:00,STN101,Chennai,8.86
2025-05-25 04:00:00,STN101,Chennai,27.36
2025-05-25 05:00:00,STN101,Chennai,16.72
2025-05-25 06:00:00,STN101,Chennai,20.98
2025-05-25 07:00:00,STN101,Chennai,18.18
2025-05-25 08:00:00,STN101,Chennai,18.59
2025-05-25 09:00:00,STN101,Chennai,11.51
2025-05-25 10:00:00,STN101,Chennai,22.58
2025-05-25 11:00:00,STN101,Chennai,27.71
2025-05-25 12:00:00,STN101,Chennai,16.32
2025-05-25 13:00:00,STN101,Chennai,20.15
2025-05-25 14:00:00,STN101,Chennai,23.14
2025-05-25 15:00:00,STN101,Chennai,13.34
2025-05-25 16:00:00,STN101,Chennai,27.01
2025-05-25 17:00:00,STN101,Chennai,27.98
2025-05-25 18:00:00,STN101,Chennai,16.51
2025-05-25 19:00:00,STN101,Chennai,25.1
2025-05-25 20:00:00,STN101,Chennai,16.91
2025-05-25 21:00:00,STN101,Chennai,18.28
2025-05-25 22:00:00,STN101,Chennai,21.01
2025-05-25 23:00:00,STN101,Chennai,16.42
2025-05-26 00:00:00,STN101,Chennai,25.64
2025-05-26 01:00:00,STN101,Chennai,7.83
2025-05-26 02:00:00,STN101,Chennai,19.99
2025-05-26 03:00:00,STN101,Chennai,21.39
2025-05-26 04:00:00,STN101,Chennai,24.83
2025-05-26 05:00:00,STN101,Chennai,14.97
2025-05-26 06:00:00,STN101,Chennai,27.37
2025-05-26 07:00:00,STN101,Chennai,25.49
2025-05-26 08:00:00,STN101,Chennai,25.44
2025-05-26 09:00:00,STN101,Chennai,20.39
2025-05-26 10:00:00,STN101,Chennai,28.88
2025-05-26 11:00:00,STN101,Chennai,14.7
2025-05-26 12:00:00,STN101,Chennai,20.34
2025-05-26 13:00:00,STN101,Chennai,22.05
2025-05-26 14:00:00,STN101,Chennai,25.26
2025-05-26 15:00:00,STN101,Chennai,26.64
2025-05-26 16:00:00,STN101,Chennai,14.76
2025-05-26 17:00:00,STN101,Chennai,19.12
2025-05-26 18:00:00,STN101,Chennai,18.54
2025-05-26 19:00:00,STN101,Chennai,22.53
2025-05-26 20:00:00,STN101,Chennai,18.34
2025-05-26 21:00:00,STN101,Chennai,25.49
2025-05-26 22:00:00,STN101,Chennai,28.67
2025-05-26 23:00:00,STN101,Chennai,26.49
2025-05-27 00:00:00,STN101,Chennai,12.83
2025-05-27 01:00:00,STN101,Chennai,27.53
2025-05-27 02:00:00,STN101,Chennai,22.02
2025-05-27 03:00:00,STN101,Chennai,21.7
2025-05-27 04:00:00,STN101,Chennai,17.52
2025-05-27 05:00:00,STN101,Chennai,18.33
2025-05-27 06:00:00,STN101,Chennai,23.34
2025-05-27 07:00:00,STN101,Chennai,22.81
2025-05-27 08:00:00,STN101,Chennai,19.66
2025-05-27 09:00:00,STN101,Chennai,29.67
2025-05-27 10:00:00,STN101,Chennai,25.05
2025-05-27 11:00:00,STN101,Chennai,21.96
2025-05-27 12:00:00,STN101,Chennai,14.03
2025-05-27 13:00:00,STN101,Chennai,19.96
2025-05-27 14:00:00,STN101,Chennai,18.42
2025-05-27 15:00:00,STN101,Chennai,22.85
2025-05-27 16:00:00,STN101,Chennai,15.84
2025-05-27 17:00:00,STN101,Chennai,22.67
2025-05-27 18:00:00,STN101,Chennai,18.15
2025-05-27 19:00:00,STN101,Chennai,20.65
2025-05-27 20:00:00,STN101,Chennai,19.93
2025-05-27 21:00:00,STN101,Chennai,13.91
2025-05-27 22:00:00,STN101,Chennai,18.03
2025-05-27 23:00:00,STN101,Chennai,25.59
2025-05-28 00:00:00,STN101,Chennai,24.89
2025-05-28 01:00:00,STN101,Chennai,18.41
2025-05-28 02:00:00,STN101,Chennai,17.91
2025-05-28 03:00:00,STN101,Chennai,25.94
2025-05-28 04:00:00,STN101,Chennai,28.13
2025-05-28 05:00:00,STN101,Chennai,15.9
2025-05-28 06:00:00,STN101,Chennai,21.66
2025-05-28 07:00:00,STN101,Chennai,26.96
2025-05-28 08:00:00,STN101,Chennai,16.57
2025-05-28 09:00:00,STN101,Chennai,17.13
2025-05-28 10:00:00,STN101,Chennai,22.74
2025-05-28 11:00:00,STN101,Chennai,19.07
2025-05-28 12:00:00,STN101,Chennai,16.11
2025-05-28 13:00:00,STN101,Chennai,4.86
2025-05-28 14:00:00,STN101,Chennai,27.61
2025-05-28 15:00:00,STN101,Chennai,24.4
2025-05-28 16:00:00,STN101,Chennai,27.7
2025-05-28 17:00:00,STN101,Chennai,17.89
2025-05-28 18:00:00,STN101,Chennai,25.3
2025-05-28 19:00:00,STN101,Chennai,17.45
2025-05-28 20:00:00,STN101,Chennai,12.0
2025-05-28 21:00:00,STN101,Chennai,24.75
2025-05-28 22:00:00,STN101,Chennai,22.29
2025-05-28 23:00:00,STN101,Chennai,14.88
2025-05-29 00:00:00,STN101,Chennai,15.34
2025-05-29 01:00:00,STN101,Chennai,21.95
2025-05-29 02:00:00,STN101,Chennai,14.89
2025-05-29 03:00:00,STN101,Chennai,22.46
2025-05-29 04:00:00,STN101,Chennai,18.71
2025-05-29 05:00:00,STN101,Chennai,23.58
2025-05-29 06:00:00,STN101,Chennai,23.86
2025-05-29 07:00:00,STN101,Chennai,30.16
2025-05-29 08:00:00,STN101,Chennai,21.12
2025-05-29 09:00:00,STN101,Chennai,23.67
2025-05-29 10:00:00,STN101,Chennai,10.89
2025-05-29 11:00:00,STN101,Chennai,23.73
2025-05-29 12:00:00,STN101,Chennai,13.32
2025-05-29 13:00:00,STN101,Chennai,19.37
2025-05-29 14:00:00,STN101,Chennai,24.2
2025-05-29 15:00:00,STN101,Chennai,19.05
2025-05-29 16:00:00,STN101,Chennai,14.17
2025-05-29 17:00:00,STN101,Chennai,22.77
2025-05-29 18:00:00,STN101,Chennai,13.18
2025-05-29 19:00:00,STN101,Chennai,14.24
2025-05-29 20:00:00,STN101,Chennai,24.22
2025-05-29 21:00:00,STN101,Chennai,15.58
2025-05-29 22:00:00,STN101,Chennai,14.13
2025-05-29 23:00:00,STN101,Chennai,17.35
2025-05-30 00:00:00,STN101,Chennai,15.54
2025-05-01 00:00:00,STN202,Bengaluru,14.93
2025-05-01 01:00:00,STN202,Bengaluru,24.88
2025-05-01 02:00:00,STN202,Bengaluru,16.96
2025-05-01 03:00:00,STN202,Bengaluru,26.95
2025-05-01 04:00:00,STN202,Bengaluru,16.03
2025-05-01 05:00:00,STN202,Bengaluru,19.04
2025-05-01 06:00:00,STN202,Bengaluru,26.14
2025-05-01 07:00:00,STN202,Bengaluru,19.4
2025-05-01 08:00:00,STN202,Bengaluru,15.08
2025-05-01 09:00:00,STN202,Bengaluru,18.81
2025-05-01 10:00:00,STN202,Bengaluru,22.74
2025-05-01 11:00:00,STN202,Bengaluru,18.87
2025-05-01 12:00:00,STN202,Bengaluru,13.17
2025-05-01 13:00:00,STN202,Bengaluru,13.66
2025-05-01 14:00:00,STN202,Bengaluru,18.91
2025-05-01 15:00:00,STN202,Bengaluru,25.08
2025-05-01 16:00:00,STN202,Bengaluru,22.27
2025-05-01 17:00:00,STN202,Bengaluru,22.57
2025-05-01 18:00:00,STN202,Bengaluru,23.08
2025-05-01 19:00:00,STN202,Bengaluru,18.29
2025-05-01 20:00:00,STN202,Bengaluru,24.83
2025-05-01 21:00:00,STN202,Bengaluru,5.67
2025-05-01 22:00:00,STN202,Bengaluru,16.42
2025-05-01 23:00:00,STN202,Bengaluru,18.26
2025-05-02 00:00:00,STN202,Bengaluru,28.23
2025-05-02 01:00:00,STN202,Bengaluru,12.88
2025-05-02 02:00:00,STN202,Bengaluru,23.83
2025-05-02 03:00:00,STN202,Bengaluru,22.27
2025-05-02 04:00:00,STN202,Bengaluru,18.86
2025-05-02 05:00:00,STN202,Bengaluru,21.15
2025-05-02 06:00:00,STN202,Bengaluru,10.06
2025-05-02 07:00:00,STN202,Bengaluru,19.67
2025-05-02 08:00:00,STN202,Bengaluru,29.48
2025-05-02 09:00:00,STN202,Bengaluru,16.43
2025-05-02 10:00:00,STN202,Bengaluru,17.73
2025-05-02 11:00:00,STN202,Bengaluru,16.02
2025-05-02 12:00:00,STN202,Bengaluru,22.63
2025-05-02 13:00:00,STN202,Bengaluru,24.64
2025-05-02 14:00:00,STN202,Bengaluru,21.72
2025-05-02 15:00:00,STN202,Bengaluru,15.99
2025-05-02 16:00:00,STN202,Bengaluru,19.85
2025-05-02 17:00:00,STN202,Bengaluru,18.32
2025-05-02 18:00:00,STN202,Bengaluru,16.49
2025-05-02 19:00:00,STN202,Bengaluru,26.97
2025-05-02 20:00:00,STN202,Bengaluru,22.2
2025-05-02 21:00:00,STN202,Bengaluru,16.5
2025-05-02 22:00:00,STN202,Bengaluru,21.07
2025-05-02 23:00:00,STN202,Bengaluru,19.04
2025-05-03 00:00:00,STN202,Bengaluru,11.83
2025-05-03 01:00:00,STN202,Bengaluru,15.83
2025-05-03 02:00:00,STN202,Bengaluru,16.38
2025-05-03 03:00:00,STN202,Bengaluru,26.72
2025-05-03 04:00:00,STN202,Bengaluru,23.66
2025-05-03 05:00:00,STN202,Bengaluru,18.32
2025-05-03 06:00:00,STN202,Bengaluru,13.26
2025-05-03 07:00:00,STN202,Bengaluru,19.42
2025-05-03 08:00:00,STN202,Bengaluru,19.86
2025-05-03 09:00:00,STN202,Bengaluru,13.75
2025-05-03 10:00:00,STN202,Bengaluru,20.47
2025-05-03 11:00:00,STN202,Bengaluru,28.21
2025-05-03 12:00:00,STN202,Bengaluru,17.17
2025-05-03 13:00:00,STN202,Bengaluru,25.8
2025-05-03 14:00:00,STN202,Bengaluru,17.44
2025-05-03 15:00:00,STN202,Bengaluru,19.19
2025-05-03 16:00:00,STN202,Bengaluru,13.81
2025-05-03 17:00:00,STN202,Bengaluru,16.44
2025-05-03 18:00:00,STN202,Bengaluru,19.21
2025-05-03 19:00:00,STN202,Bengaluru,19.74
2025-05-03 20:00:00,STN202,Bengaluru,15.26
2025-05-03 21:00:00,STN202,Bengaluru,22.16
2025-05-03 22:00:00,STN202,Bengaluru,16.24
2025-05-03 23:00:00,STN202,Bengaluru,32.07
2025-05-04 00:00:00,STN202,Bengaluru,34.15
2025-05-04 01:00:00,STN202,Bengaluru,18.43
2025-05-04 02:00:00,STN202,Bengaluru,31.56
2025-05-04 03:00:00,STN202,Bengaluru,23.77
2025-05-04 04:00:00,STN202,Bengaluru,16.79
2025-05-04 05:00:00,STN202,Bengaluru,24.75
2025-05-04 06:00:00,STN202,Bengaluru,23.26
2025-05-04 07:00:00,STN202,Bengaluru,20.31
2025-05-04 08:00:00,STN202,Bengaluru,18.53
2025-05-04 09:00:00,STN202,Bengaluru,27.2
2025-05-04 10:00:00,STN202,Bengaluru,19.25
2025-05-04 11:00:00,STN202,Bengaluru,19.1
2025-05-04 12:00:00,STN202,Bengaluru,26.3
2025-05-04 13:00:00,STN202,Bengaluru,17.62
2025-05-04 14:00:00,STN202,Bengaluru,6.06
2025-05-04 15:00:00,STN202,Bengaluru,10.92
2025-05-04 16:00:00,STN202,Bengaluru,11.86
2025-05-04 17:00:00,STN202,Bengaluru,22.91
2025-05-04 18:00:00,STN202,Bengaluru,21.98
2025-05-04 19:00:00,STN202,Bengaluru,14.69
2025-05-04 20:00:00,STN202,Bengaluru,19.66
2025-05-04 21:00:00,STN202,Bengaluru,20.67
2025-05-04 22:00:00,STN202,Bengaluru,16.34
2025-05-04 23:00:00,STN202,Bengaluru,18.99
2025-05-05 00:00:00,STN202,Bengaluru,23.81
2025-05-05 01:00:00,STN202,Bengaluru,20.21
2025-05-05 02:00:00,STN202,Bengaluru,23.08
2025-05-05 03:00:00,STN202,Bengaluru,15.46
2025-05-05 04:00:00,STN202,Bengaluru,20.48
2025-05-05 05:00:00,STN202,Bengaluru,13.09
2025-05-05 06:00:00,STN202,Bengaluru,24.49
2025-05-05 07:00:00,STN202,Bengaluru,23.85
2025-05-05 08:00:00,STN202,Bengaluru,16.85
2025-05-05 09:00:00,STN202,Bengaluru,23.32
2025-05-05 10:00:00,STN202,Bengaluru,22.57
2025-05-05 11:00:00,STN202,Bengaluru,25.64
2025-05-05 12:00:00,STN202,Bengaluru,18.83
2025-05-05 13:00:00,STN202,Bengaluru,19.22
2025-05-05 14:00:00,STN202,Bengaluru,23.05
2025-05-05 15:00:00,STN202,Bengaluru,22.76
2025-05-05 16:00:00,STN202,Bengaluru,23.99
2025-05-05 17:00:00,STN202,Bengaluru,26.97
2025-05-05 18:00:00,STN202,Bengaluru,19.74
2025-05-05 19:00:00,STN202,Bengaluru,21.83
2025-05-05 20:00:00,STN202,Bengaluru,17.67
2025-05-05 21:00:00,STN202,Bengaluru,27.01
2025-05-05 22:00:00,STN202,Bengaluru,28.99
2025-05-05 23:00:00,STN202,Bengaluru,32.68
2025-05-06 00:00:00,STN202,Bengaluru,27.45
2025-05-06 01:00:00,STN202,Bengaluru,28.75
2025-05-06 02:00:00,STN202,Bengaluru,20.62
2025-05-06 03:00:00,STN202,Bengaluru,12.07
2025-05-06 04:00:00,STN202,Bengaluru,15.62
2025-05-06 05:00:00,STN202,Bengaluru,16.32
2025-05-06 06:00:00,STN202,Bengaluru,17.55
2025-05-06 07:00:00,STN202,Bengaluru,17.03
2025-05-06 08:00:00,STN202,Bengaluru,17.4
2025-05-06 09:00:00,STN202,Bengaluru,11.23
2025-05-06 10:00:00,STN202,Bengaluru,19.33
2025-05-06 11:00:00,STN202,Bengaluru,18.16
2025-05-06 12:00:00,STN202,Bengaluru,21.14
2025-05-06 13:00:00,STN202,Bengaluru,16.9
2025-05-06 14:00:00,STN202,Bengaluru,15.5
2025-05-06 15:00:00,STN202,Bengaluru,22.57
2025-05-06 16:00:00,STN202,Bengaluru,25.86
2025-05-06 17:00:00,STN202,Bengaluru,18.26
2025-05-06 18:00:00,STN202,Bengaluru,21.51
2025-05-06 19:00:00,STN202,Bengaluru,29.27
2025-05-06 20:00:00,STN202,Bengaluru,15.33
2025-05-06 21:00:00,STN202,Bengaluru,14.95
2025-05-06 22:00:00,STN202,Bengaluru,23.53
2025-05-06 23:00:00,STN202,Bengaluru,15.32
2025-05-07 00:00:00,STN202,Bengaluru,33.68
2025-05-07 01:00:00,STN202,Bengaluru,25.48
2025-05-07 02:00:00,STN202,Bengaluru,17.97
2025-05-07 03:00:00,STN202,Bengaluru,17.92
2025-05-07 04:00:00,STN202,Bengaluru,20.22
2025-05-07 05:00:00,STN202,Bengaluru,17.16
2025-05-07 06:00:00,STN202,Bengaluru,22.88
2025-05-07 07:00:00,STN202,Bengaluru,19.79
2025-05-07 08:00:00,STN202,Bengaluru,23.16
2025-05-07 09:00:00,STN202,Bengaluru,13.11
2025-05-07 10:00:00,STN202,Bengaluru,16.28
2025-05-07 11:00:00,STN202,Bengaluru,16.44
2025-05-07 12:00:00,STN202,Bengaluru,23.43
2025-05-07 13:00:00,STN202,Bengaluru,19.1
2025-05-07 14:00:00,STN202,Bengaluru,19.99
2025-05-07 15:00:00,STN202,Bengaluru,20.57
2025-05-07 16:00:00,STN202,Bengaluru,16.6
2025-05-07 17:00:00,STN202,Bengaluru,29.14
2025-05-07 18:00:00,STN202,Bengaluru,21.01
2025-05-07 19:00:00,STN202,Bengaluru,16.05
2025-05-07 20:00:00,STN202,Bengaluru,19.29
2025-05-07 21:00:00,STN202,Bengaluru,20.79
2025-05-07 22:00:00,STN202,Bengaluru,8.76
2025-05-07 23:00:00,STN202,Bengaluru,22.62
2025-05-08 00:00:00,STN202,Bengaluru,28.45
2025-05-08 01:00:00,STN202,Bengaluru,21.85
2025-05-08 02:00:00,STN202,Bengaluru,23.45
2025-05-08 03:00:00,STN202,Bengaluru,6.34
2025-05-08 04:00:00,STN202,Bengaluru,26.83
2025-05-08 05:00:00,STN202,Bengaluru,27.61
2025-05-08 06:00:00,STN202,Bengaluru,20.01
2025-05-08 07:00:00,STN202,Bengaluru,23.11
2025-05-08 08:00:00,STN202,Bengaluru,21.59
2025-05-08 09:00:00,STN202,Bengaluru,18.63
2025-05-08 10:00:00,STN202,Bengaluru,25.92
2025-05-08 11:00:00,STN202,Bengaluru,18.91
2025-05-08 12:00:00,STN202,Bengaluru,22.47
2025-05-08 13:00:00,STN202,Bengaluru,10.69
2025-05-08 14:00:00,STN202,Bengaluru,19.6
2025-05-08 15:00:00,STN202,Bengaluru,19.58
2025-05-08 16:00:00,STN202,Bengaluru,17.8
2025-05-08 17:00:00,STN202,Bengaluru,25.32
2025-05-08 18:00:00,STN202,Bengaluru,23.55
2025-05-08 19:00:00,STN202,Bengaluru,18.78
2025-05-08 20:00:00,STN202,Bengaluru,20.32
2025-05-08 21:00:00,STN202,Bengaluru,17.81
2025-05-08 22:00:00,STN202,Bengaluru,12.21
2025-05-08 23:00:00,STN202,Bengaluru,28.32
2025-05-09 00:00:00,STN202,Bengaluru,21.92
2025-05-09 01:00:00,STN202,Bengaluru,24.69
2025-05-09 02:00:00,STN202,Bengaluru,18.35
2025-05-09 03:00:00,STN202,Bengaluru,17.03
2025-05-09 04:00:00,STN202,Bengaluru,20.96
2025-05-09 05:00:00,STN202,Bengaluru,14.02
2025-05-09 06:00:00,STN202,Bengaluru,22.92
2025-05-09 07:00:00,STN202,Bengaluru,17.6
2025-05-09 08:00:00,STN202,Bengaluru,14.13
2025-05-09 09:00:00,STN202,Bengaluru,20.02
2025-05-09 10:00:00,STN202,Bengaluru,32.41
2025-05-09 11:00:00,STN202,Bengaluru,16.52
2025-05-09 12:00:00,STN202,Bengaluru,8.12
2025-05-09 13:00:00,STN202,Bengaluru,24.28
2025-05-09 14:00:00,STN202,Bengaluru,11.43
2025-05-09 15:00:00,STN202,Bengaluru,18.74
2025-05-09 16:00:00,STN202,Bengaluru,25.91
2025-05-09 17:00:00,STN202,Bengaluru,29.47
2025-05-09 18:00:00,STN202,Bengaluru,19.89
2025-05-09 19:00:00,STN202,Bengaluru,20.38
2025-05-09 20:00:00,STN202,Bengaluru,20.54
2025-05-09 21:00:00,STN202,Bengaluru,15.15
2025-05-09 22:00:00,STN202,Bengaluru,17.98
2025-05-09 23:00:00,STN202,Bengaluru,20.52
2025-05-10 00:00:00,STN202,Bengaluru,23.33
2025-05-10 01:00:00,STN202,Bengaluru,14.38
2025-05-10 02:00:00,STN202,Bengaluru,11.56
2025-05-10 03:00:00,STN202,Bengaluru,15.05
2025-05-10 04:00:00,STN202,Bengaluru,23.09
2025-05-10 05:00:00,STN202,Bengaluru,18.67
2025-05-10 06:00:00,STN202,Bengaluru,24.69
2025-05-10 07:00:00,STN202,Bengaluru,20.66
2025-05-10 08:00:00,STN202,Bengaluru,20.26
2025-05-10 09:00:00,STN202,Bengaluru,18.53
2025-05-10 10:00:00,STN202,Bengaluru,20.66
2025-05-10 11:00:00,STN202,Bengaluru,6.77
2025-05-10 12:00:00,STN202,Bengaluru,22.31
2025-05-10 13:00:00,STN202,Bengaluru,15.42
2025-05-10 14:00:00,STN202,Bengaluru,18.22
2025-05-10 15:00:00,STN202,Bengaluru,26.59
2025-05-10 16:00:00,STN202,Bengaluru,18.07
2025-05-10 17:00:00,STN202,Bengaluru,18.61
2025-05-10 18:00:00,STN202,Bengaluru,16.3
2025-05-10 19:00:00,STN202,Bengaluru,26.85
2025-05-10 20:00:00,STN202,Bengaluru,21.59
2025-05-10 21:00:00,STN202,Bengaluru,15.2
2025-05-10 22:00:00,STN202,Bengaluru,8.33
2025-05-10 23:00:00,STN202,Bengaluru,15.63
2025-05-11 00:00:00,STN202,Bengaluru,19.27
2025-05-11 01:00:00,STN202,Bengaluru,25.68
2025-05-11 02:00:00,STN202,Bengaluru,12.79
2025-05-11 03:00:00,STN202,Bengaluru,10.85
2025-05-11 04:00:00,STN202,Bengaluru,21.07
2025-05-11 05:00:00,STN202,Bengaluru,17.03
2025-05-11 06:00:00,STN202,Bengaluru,30.97
2025-05-11 07:00:00,STN202,Bengaluru,25.95
2025-05-11 08:00:00,STN202,Bengaluru,16.66
2025-05-11 09:00:00,STN202,Bengaluru,25.12
2025-05-11 10:00:00,STN202,Bengaluru,14.17
2025-05-11 11:00:00,STN202,Bengaluru,23.26
2025-05-11 12:00:00,STN202,Bengaluru,27.19
2025-05-11 13:00:00,STN202,Bengaluru,19.74
2025-05-11 14:00:00,STN202,Bengaluru,20.36
2025-05-11 15:00:00,STN202,Bengaluru,15.76
2025-05-11 16:00:00,STN202,Bengaluru,26.8
2025-05-11 17:00:00,STN202,Bengaluru,23.72
2025-05-11 18:00:00,STN202,Bengaluru,22.34
2025-05-11 19:00:00,STN202,Bengaluru,23.08
2025-05-11 20:00:00,STN202,Bengaluru,26.04
2025-05-11 21:00:00,STN202,Bengaluru,20.97
2025-05-11 22:00:00,STN202,Bengaluru,19.53
2025-05-11 23:00:00,STN202,Bengaluru,25.44
2025-05-12 00:00:00,STN202,Bengaluru,17.25
2025-05-12 01:00:00,STN202,Bengaluru,14.31
2025-05-12 02:00:00,STN202,Bengaluru,7.18
2025-05-12 03:00:00,STN202,Bengaluru,24.58
2025-05-12 04:00:00,STN202,Bengaluru,11.76
2025-05-12 05:00:00,STN202,Bengaluru,14.73
2025-05-12 06:00:00,STN202,Bengaluru,21.03
2025-05-12 07:00:00,STN202,Bengaluru,17.44
2025-05-12 08:00:00,STN202,Bengaluru,19.43
2025-05-12 09:00:00,STN202,Bengaluru,16.53
2025-05-12 10:00:00,STN202,Bengaluru,12.42
2025-05-12 11:00:00,STN202,Bengaluru,13.05
2025-05-12 12:00:00,STN202,Bengaluru,22.79
2025-05-12 13:00:00,STN202,Bengaluru,19.92
2025-05-12 14:00:00,STN202,Bengaluru,18.29
2025-05-12 15:00:00,STN202,Bengaluru,11.16
2025-05-12 16:00:00,STN202,Bengaluru,18.14
2025-05-12 17:00:00,STN202,Bengaluru,24.45
2025-05-12 18:00:00,STN202,Bengaluru,13.06
2025-05-12 19:00:00,STN202,Bengaluru,16.32
2025-05-12 20:00:00,STN202,Bengaluru,17.88
2025-05-12 21:00:00,STN202,Bengaluru,20.98
2025-05-12 22:00:00,STN202,Bengaluru,21.69
2025-05-12 23:00:00,STN202,Bengaluru,21.18
2025-05-13 00:00:00,STN202,Bengaluru,13.61
2025-05-13 01:00:00,STN202,Bengaluru,23.34
2025-05-13 02:00:00,STN202,Bengaluru,24.44
2025-05-13 03:00:00,STN202,Bengaluru,21.18
2025-05-13 04:00:00,STN202,Bengaluru,22.48
2025-05-13 05:00:00,STN202,Bengaluru,19.21
2025-05-13 06:00:00,STN202,Bengaluru,23.99
2025-05-13 07:00:00,STN202,Bengaluru,13.88
2025-05-13 08:00:00,STN202,Bengaluru,18.34
2025-05-13 09:00:00,STN202,Bengaluru,22.68
2025-05-13 10:00:00,STN202,Bengaluru,21.95
2025-05-13 11:00:00,STN202,Bengaluru,19.13
2025-05-13 12:00:00,STN202,Bengaluru,24.25
2025-05-13 13:00:00,STN202,Bengaluru,20.7
2025-05-13 14:00:00,STN202,Bengaluru,20.9
2025-05-13 15:00:00,STN202,Bengaluru,19.87
2025-05-13 16:00:00,STN202,Bengaluru,23.91
2025-05-13 17:00:00,STN202,Bengaluru,18.55
2025-05-13 18:00:00,STN202,Bengaluru,26.87
2025-05-13 19:00:00,STN202,Bengaluru,20.66
2025-05-13 20:00:00,STN202,Bengaluru,26.79
2025-05-13 21:00:00,STN202,Bengaluru,18.55
2025-05-13 22:00:00,STN202,Bengaluru,20.09
2025-05-13 23:00:00,STN202,Bengaluru,29.98
2025-05-14 00:00:00,STN202,Bengaluru,20.1
2025-05-14 01:00:00,STN202,Bengaluru,25.96
2025-05-14 02:00:00,STN202,Bengaluru,8.8
2025-05-14 03:00:00,STN202,Bengaluru,22.88
2025-05-14 04:00:00,STN202,Bengaluru,12.72
2025-05-14 05:00:00,STN202,Bengaluru,17.12
2025-05-14 06:00:00,STN202,Bengaluru,24.88
2025-05-14 07:00:00,STN202,Bengaluru,23.76
2025-05-14 08:00:00,STN202,Bengaluru,23.09
2025-05-14 09:00:00,STN202,Bengaluru,23.85
2025-05-14 10:00:00,STN202,Bengaluru,19.67
2025-05-14 11:00:00,STN202,Bengaluru,17.98
2025-05-14 12:00:00,STN202,Bengaluru,25.65
2025-05-14 13:00:00,STN202,Bengaluru,27.89
2025-05-14 14:00:00,STN202,Bengaluru,19.95
2025-05-14 15:00:00,STN202,Bengaluru,16.53
2025-05-14 16:00:00,STN202,Bengaluru,20.61
2025-05-14 17:00:00,STN202,Bengaluru,22.47
2025-05-14 18:00:00,STN202,Bengaluru,4.92
2025-05-14 19:00:00,STN202,Bengaluru,27.08
2025-05-14 20:00:00,STN202,Bengaluru,23.09
2025-05-14 21:00:00,STN202,Bengaluru,21.03
2025-05-14 22:00:00,STN202,Bengaluru,17.9
2025-05-14 23:00:00,STN202,Bengaluru,20.99
2025-05-15 00:00:00,STN202,Bengaluru,16.16
2025-05-15 01:00:00,STN202,Bengaluru,18.61
2025-05-15 02:00:00,STN202,Bengaluru,14.99
2025-05-15 03:00:00,STN202,Bengaluru,18.89
2025-05-15 04:00:00,STN202,Bengaluru,13.94
2025-05-15 05:00:00,STN202,Bengaluru,25.99
2025-05-15 06:00:00,STN202,Bengaluru,21.76
2025-05-15 07:00:00,STN202,Bengaluru,13.72
2025-05-15 08:00:00,STN202,Bengaluru,20.28
2025-05-15 09:00:00,STN202,Bengaluru,29.84
2025-05-15 10:00:00,STN202,Bengaluru,22.19
2025-05-15 11:00:00,STN202,Bengaluru,15.86
2025-05-15 12:00:00,STN202,Bengaluru,20.8
2025-05-15 13:00:00,STN202,Bengaluru,22.78
2025-05-15 14:00:00,STN202,Bengaluru,23.88
2025-05-15 15:00:00,STN202,Bengaluru,10.43
2025-05-15 16:00:00,STN202,Bengaluru,16.91
2025-05-15 17:00:00,STN202,Bengaluru,10.59
2025-05-15 18:00:00,STN202,Bengaluru,28.5
2025-05-15 19:00:00,STN202,Bengaluru,22.52
2025-05-15 20:00:00,STN202,Bengaluru,11.73
2025-05-15 21:00:00,STN202,Bengaluru,16.9
2025-05-15 22:00:00,STN202,Bengaluru,17.49
2025-05-15 23:00:00,STN202,Bengaluru,22.37
2025-05-16 00:00:00,STN202,Bengaluru,19.59
2025-05-16 01:00:00,STN202,Bengaluru,21.06
2025-05-16 02:00:00,STN202,Bengaluru,26.35
2025-05-16 03:00:00,STN202,Bengaluru,21.84
2025-05-16 04:00:00,STN202,Bengaluru,20.17
2025-05-16 05:00:00,STN202,Bengaluru,13.45
2025-05-16 06:00:00,STN202,Bengaluru,14.92
2025-05-16 07:00:00,STN202,Bengaluru,21.1
2025-05-16 08:00:00,STN202,Bengaluru,15.29
2025-05-16 09:00:00,STN202,Bengaluru,21.15
2025-05-16 10:00:00,STN202,Bengaluru,18.57
2025-05-16 11:00:00,STN202,Bengaluru,15.54
2025-05-16 12:00:00,STN202,Bengaluru,10.01
2025-05-16 13:00:00,STN202,Bengaluru,19.38
2025-05-16 14:00:00,STN202,Bengaluru,24.93
2025-05-16 15:00:00,STN202,Bengaluru,27.21
2025-05-16 16:00:00,STN202,Bengaluru,24.76
2025-05-16 17:00:00,STN202,Bengaluru,27.21
2025-05-16 18:00:00,STN202,Bengaluru,16.56
2025-05-16 19:00:00,STN202,Bengaluru,20.46
2025-05-16 20:00:00,STN202,Bengaluru,16.47
2025-05-16 21:00:00,STN202,Bengaluru,20.19
2025-05-16 22:00:00,STN202,Bengaluru,23.46
2025-05-16 23:00:00,STN202,Bengaluru,22.03
2025-05-17 00:00:00,STN202,Bengaluru,19.21
2025-05-17 01:00:00,STN202,Bengaluru,15.9
2025-05-17 02:00:00,STN202,Bengaluru,26.53
2025-05-17 03:00:00,STN202,Bengaluru,19.47
2025-05-17 04:00:00,STN202,Bengaluru,19.74
2025-05-17 05:00:00,STN202,Bengaluru,19.17
2025-05-17 06:00:00,STN202,Bengaluru,21.23
2025-05-17 07:00:00,STN202,Bengaluru,17.44
2025-05-17 08:00:00,STN202,Bengaluru,18.49
2025-05-17 09:00:00,STN202,Bengaluru,20.3
2025-05-17 10:00:00,STN202,Bengaluru,28.25
2025-05-17 11:00:00,STN202,Bengaluru,19.28
2025-05-17 12:00:00,STN202,Bengaluru,8.37
2025-05-17 13:00:00,STN202,Bengaluru,20.32
2025-05-17 14:00:00,STN202,Bengaluru,18.05
2025-05-17 15:00:00,STN202,Bengaluru,14.46
2025-05-17 16:00:00,STN202,Bengaluru,21.34
2025-05-17 17:00:00,STN202,Bengaluru,20.79
2025-05-17 18:00:00,STN202,Bengaluru,20.86
2025-05-17 19:00:00,STN202,Bengaluru,11.55
2025-05-17 20:00:00,STN202,Bengaluru,30.53
2025-05-17 21:00:00,STN202,Bengaluru,21.14
2025-05-17 22:00:00,STN202,Bengaluru,11.66
2025-05-17 23:00:00,STN202,Bengaluru,18.51
2025-05-18 00:00:00,STN202,Bengaluru,19.71
2025-05-18 01:00:00,STN202,Bengaluru,16.48
2025-05-18 02:00:00,STN202,Bengaluru,27.14
2025-05-18 03:00:00,STN202,Bengaluru,15.66
2025-05-18 04:00:00,STN202,Bengaluru,14.44
2025-05-18 05:00:00,STN202,Bengaluru,26.58
2025-05-18 06:00:00,STN202,Bengaluru,27.66
2025-05-18 07:00:00,STN202,Bengaluru,24.01
2025-05-18 08:00:00,STN202,Bengaluru,17.96
2025-05-18 09:00:00,STN202,Bengaluru,20.77
2025-05-18 10:00:00,STN202,Bengaluru,15.76
2025-05-18 11:00:00,STN202,Bengaluru,16.53
2025-05-18 12:00:00,STN202,Bengaluru,14.91
2025-05-18 13:00:00,STN202,Bengaluru,18.36
2025-05-18 14:00:00,STN202,Bengaluru,23.1
2025-05-18 15:00:00,STN202,Bengaluru,18.34
2025-05-18 16:00:00,STN202,Bengaluru,13.89
2025-05-18 17:00:00,STN202,Bengaluru,25.95
2025-05-18 18:00:00,STN202,Bengaluru,12.89
2025-05-18 19:00:00,STN202,Bengaluru,15.41
2025-05-18 20:00:00,STN202,Bengaluru,19.84
2025-05-18 21:00:00,STN202,Bengaluru,14.88
2025-05-18 22:00:00,STN202,Bengaluru,22.19
2025-05-18 23:00:00,STN202,Bengaluru,9.09
2025-05-19 00:00:00,STN202,Bengaluru,20.37
2025-05-19 01:00:00,STN202,Bengaluru,29.27
2025-05-19 02:00:00,STN202,Bengaluru,14.12
2025-05-19 03:00:00,STN202,Bengaluru,17.87
2025-05-19 04:00:00,STN202,Bengaluru,17.48
2025-05-19 05:00:00,STN202,Bengaluru,18.69
2025-05-19 06:00:00,STN202,Bengaluru,14.78
2025-05-19 07:00:00,STN202,Bengaluru,18.98
2025-05-19 08:00:00,STN202,Bengaluru,25.74
2025-05-19 09:00:00,STN202,Bengaluru,23.41
2025-05-19 10:00:00,STN202,Bengaluru,20.77
2025-05-19 11:00:00,STN202,Bengaluru,18.62
2025-05-19 12:00:00,STN202,Bengaluru,37.35
2025-05-19 13:00:00,STN202,Bengaluru,21.07
2025-05-19 14:00:00,STN202,Bengaluru,17.63
2025-05-19 15:00:00,STN202,Bengaluru,15.23
2025-05-19 16:00:00,STN202,Bengaluru,15.36
2025-05-19 17:00:00,STN202,Bengaluru,28.81
2025-05-19 18:00:00,STN202,Bengaluru,10.34
2025-05-19 19:00:00,STN202,Bengaluru,25.39
2025-05-19 20:00:00,STN202,Bengaluru,24.92
2025-05-19 21:00:00,STN202,Bengaluru,16.03
2025-05-19 22:00:00,STN202,Bengaluru,22.77
2025-05-19 23:00:00,STN202,Bengaluru,22.18
2025-05-20 00:00:00,STN202,Bengaluru,18.83
2025-05-20 01:00:00,STN202,Bengaluru,22.95
2025-05-20 02:00:00,STN202,Bengaluru,31.5
2025-05-20 03:00:00,STN202,Bengaluru,20.66
2025-05-20 04:00:00,STN202,Bengaluru,26.71
2025-05-20 05:00:00,STN202,Bengaluru,18.15
2025-05-20 06:00:00,STN202,Bengaluru,12.04
2025-05-20 07:00:00,STN202,Bengaluru,28.48
2025-05-20 08:00:00,STN202,Bengaluru,9.92
2025-05-20 09:00:00,STN202,Bengaluru,20.78
2025-05-20 10:00:00,STN202,Bengaluru,27.31
2025-05-20 11:00:00,STN202,Bengaluru,25.13
2025-05-20 12:00:00,STN202,Bengaluru,24.52
2025-05-20 13:00:00,STN202,Bengaluru,25.48
2025-05-20 14:00:00,STN202,Bengaluru,21.98
2025-05-20 15:00:00,STN202,Bengaluru,15.71
2025-05-20 16:00:00,STN202,Bengaluru,28.53
2025-05-20 17:00:00,STN202,Bengaluru,23.8
2025-05-20 18:00:00,STN202,Bengaluru,23.0
2025-05-20 19:00:00,STN202,Bengaluru,19.42
2025-05-20 20:00:00,STN202,Bengaluru,18.38
2025-05-20 21:00:00,STN202,Bengaluru,27.09
2025-05-20 22:00:00,STN202,Bengaluru,20.84
2025-05-20 23:00:00,STN202,Bengaluru,19.42
2025-05-21 00:00:00,STN202,Bengaluru,21.43
2025-05-21 01:00:00,STN202,Bengaluru,13.15
2025-05-21 02:00:00,STN202,Bengaluru,17.7
2025-05-21 03:00:00,STN202,Bengaluru,16.24
2025-05-21 04:00:00,STN202,Bengaluru,18.64
2025-05-21 05:00:00,STN202,Bengaluru,20.49
2025-05-21 06:00:00,STN202,Bengaluru,18.06
2025-05-21 07:00:00,STN202,Bengaluru,17.33
2025-05-21 08:00:00,STN202,Bengaluru,26.34
2025-05-21 09:00:00,STN202,Bengaluru,17.63
2025-05-21 10:00:00,STN202,Bengaluru,25.55
2025-05-21 11:00:00,STN202,Bengaluru,19.26
2025-05-21 12:00:00,STN202,Bengaluru,29.39
2025-05-21 13:00:00,STN202,Bengaluru,19.36
2025-05-21 14:00:00,STN202,Bengaluru,22.87
2025-05-21 15:00:00,STN202,Bengaluru,20.31
2025-05-21 16:00:00,STN202,Bengaluru,22.82
2025-05-21 17:00:00,STN202,Bengaluru,19.92
2025-05-21 18:00:00,STN202,Bengaluru,14.54
2025-05-21 19:00:00,STN202,Bengaluru,18.41
2025-05-21 20:00:00,STN202,Bengaluru,23.12
2025-05-21 21:00:00,STN202,Bengaluru,25.84
2025-05-21 22:00:00,STN202,Bengaluru,22.6
2025-05-21 23:00:00,STN202,Bengaluru,22.98
2025-05-22 00:00:00,STN202,Bengaluru,23.95
2025-05-22 01:00:00,STN202,Bengaluru,18.71
2025-05-22 02:00:00,STN202,Bengaluru,20.73
2025-05-22 03:00:00,STN202,Bengaluru,22.65
2025-05-22 04:00:00,STN202,Bengaluru,19.66
2025-05-22 05:00:00,STN202,Bengaluru,23.31
2025-05-22 06:00:00,STN202,Bengaluru,20.2
2025-05-22 07:00:00,STN202,Bengaluru,12.47
2025-05-22 08:00:00,STN202,Bengaluru,22.99
2025-05-22 09:00:00,STN202,Bengaluru,16.39
2025-05-22 10:00:00,STN202,Bengaluru,21.55
2025-05-22 11:00:00,STN202,Bengaluru,17.73
2025-05-22 12:00:00,STN202,Bengaluru,13.53
2025-05-22 13:00:00,STN202,Bengaluru,24.64
2025-05-22 14:00:00,STN202,Bengaluru,21.54
2025-05-22 15:00:00,STN202,Bengaluru,22.1
2025-05-22 16:00:00,STN202,Bengaluru,26.39
2025-05-22 17:00:00,STN202,Bengaluru,15.88
2025-05-22 18:00:00,STN202,Bengaluru,25.45
2025-05-22 19:00:00,STN202,Bengaluru,28.06
2025-05-22 20:00:00,STN202,Bengaluru,13.54
2025-05-22 21:00:00,STN202,Bengaluru,23.18
2025-05-22 22:00:00,STN202,Bengaluru,15.41
2025-05-22 23:00:00,STN202,Bengaluru,17.12
2025-05-23 00:00:00,STN202,Bengaluru,24.01
2025-05-23 01:00:00,STN202,Bengaluru,23.2
2025-05-23 02:00:00,STN202,Bengaluru,17.09
2025-05-23 03:00:00,STN202,Bengaluru,16.55
2025-05-23 04:00:00,STN202,Bengaluru,14.61
2025-05-23 05:00:00,STN202,Bengaluru,17.32
2025-05-23 06:00:00,STN202,Bengaluru,17.72
2025-05-23 07:00:00,STN202,Bengaluru,13.89
2025-05-23 08:00:00,STN202,Bengaluru,13.41
2025-05-23 09:00:00,STN202,Bengaluru,16.4
2025-05-23 10:00:00,STN202,Bengaluru,22.81
2025-05-23 11:00:00,STN202,Bengaluru,9.38
2025-05-23 12:00:00,STN202,Bengaluru,20.36
2025-05-23 13:00:00,STN202,Bengaluru,32.48
2025-05-23 14:00:00,STN202,Bengaluru,22.81
2025-05-23 15:00:00,STN202,Bengaluru,18.72
2025-05-23 16:00:00,STN202,Bengaluru,27.95
2025-05-23 17:00:00,STN202,Bengaluru,17.83
2025-05-23 18:00:00,STN202,Bengaluru,28.66
2025-05-23 19:00:00,STN202,Bengaluru,18.44
2025-05-23 20:00:00,STN202,Bengaluru,25.57
2025-05-23 21:00:00,STN202,Bengaluru,22.61
2025-05-23 22:00:00,STN202,Bengaluru,22.96
2025-05-23 23:00:00,STN202,Bengaluru,22.33
2025-05-24 00:00:00,STN202,Bengaluru,29.47
2025-05-24 01:00:00,STN202,Bengaluru,24.44
2025-05-24 02:00:00,STN202,Bengaluru,18.25
2025-05-24 03:00:00,STN202,Bengaluru,18.32
2025-05-24 04:00:00,STN202,Bengaluru,17.09
2025-05-24 05:00:00,STN202,Bengaluru,14.35
2025-05-24 06:00:00,STN202,Bengaluru,13.96
2025-05-24 07:00:00,STN202,Bengaluru,25.34
2025-05-24 08:00:00,STN202,Bengaluru,21.32
2025-05-24 09:00:00,STN202,Bengaluru,18.76
2025-05-24 10:00:00,STN202,Bengaluru,15.76
2025-05-24 11:00:00,STN202,Bengaluru,20.47
2025-05-24 12:00:00,STN202,Bengaluru,16.44
2025-05-24 13:00:00,STN202,Bengaluru,13.15
2025-05-24 14:00:00,STN202,Bengaluru,16.38
2025-05-24 15:00:00,STN202,Bengaluru,13.52
2025-05-24 16:00:00,STN202,Bengaluru,13.08
2025-05-24 17:00:00,STN202,Bengaluru,16.17
2025-05-24 18:00:00,STN202,Bengaluru,24.37
2025-05-24 19:00:00,STN202,Bengaluru,24.04
2025-05-24 20:00:00,STN202,Bengaluru,11.95
2025-05-24 21:00:00,STN202,Bengaluru,13.97
2025-05-24 22:00:00,STN202,Bengaluru,14.53
2025-05-24 23:00:00,STN202,Bengaluru,20.28
2025-05-25 00:00:00,STN202,Bengaluru,23.78
2025-05-25 01:00:00,STN202,Bengaluru,21.56
2025-05-25 02:00:00,STN202,Bengaluru,22.67
2025-05-25 03:00:00,STN202,Bengaluru,16.26
2025-05-25 04:00:00,STN202,Bengaluru,21.84
2025-05-25 05:00:00,STN202,Bengaluru,20.46
2025-05-25 06:00:00,STN202,Bengaluru,18.52
2025-05-25 07:00:00,STN202,Bengaluru,20.02
2025-05-25 08:00:00,STN202,Bengaluru,18.92
2025-05-25 09:00:00,STN202,Bengaluru,14.37
2025-05-25 10:00:00,STN202,Bengaluru,18.14
2025-05-25 11:00:00,STN202,Bengaluru,15.5
2025-05-25 12:00:00,STN202,Bengaluru,21.69
2025-05-25 13:00:00,STN202,Bengaluru,25.64
2025-05-25 14:00:00,STN202,Bengaluru,11.79
2025-05-25 15:00:00,STN202,Bengaluru,18.09
2025-05-25 16:00:00,STN202,Bengaluru,28.13
2025-05-25 17:00:00,STN202,Bengaluru,23.17
2025-05-25 18:00:00,STN202,Bengaluru,16.6
2025-05-25 19:00:00,STN202,Bengaluru,17.99
2025-05-25 20:00:00,STN202,Bengaluru,18.35
2025-05-25 21:00:00,STN202,Bengaluru,21.77
2025-05-25 22:00:00,STN202,Bengaluru,28.15
2025-05-25 23:00:00,STN202,Bengaluru,21.15
2025-05-26 00:00:00,STN202,Bengaluru,17.36
2025-05-26 01:00:00,STN202,Bengaluru,20.7
2025-05-26 02:00:00,STN202,Bengaluru,14.03
2025-05-26 03:00:00,STN202,Bengaluru,22.21
2025-05-26 04:00:00,STN202,Bengaluru,24.8
2025-05-26 05:00:00,STN202,Bengaluru,14.78
2025-05-26 06:00:00,STN202,Bengaluru,8.71
2025-05-26 07:00:00,STN202,Bengaluru,20.38
2025-05-26 08:00:00,STN202,Bengaluru,17.68
2025-05-26 09:00:00,STN202,Bengaluru,26.27
2025-05-26 10:00:00,STN202,Bengaluru,20.51
2025-05-26 11:00:00,STN202,Bengaluru,19.19
2025-05-26 12:00:00,STN202,Bengaluru,18.13
2025-05-26 13:00:00,STN202,Bengaluru,14.23
2025-05-26 14:00:00,STN202,Bengaluru,12.0
2025-05-26 15:00:00,STN202,Bengaluru,23.22
2025-05-26 16:00:00,STN202,Bengaluru,20.53
2025-05-26 17:00:00,STN202,Bengaluru,18.32
2025-05-26 18:00:00,STN202,Bengaluru,21.05
2025-05-26 19:00:00,STN202,Bengaluru,13.07
2025-05-26 20:00:00,STN202,Bengaluru,20.76
2025-05-26 21:00:00,STN202,Bengaluru,19.21
2025-05-26 22:00:00,STN202,Bengaluru,9.83
2025-05-26 23:00:00,STN202,Bengaluru,12.33
2025-05-27 00:00:00,STN202,Bengaluru,14.5
2025-05-27 01:00:00,STN202,Bengaluru,17.83
2025-05-27 02:00:00,STN202,Bengaluru,23.16
2025-05-27 03:00:00,STN202,Bengaluru,19.62
2025-05-27 04:00:00,STN202,Bengaluru,15.42
2025-05-27 05:00:00,STN202,Bengaluru,16.77
2025-05-27 06:00:00,STN202,Bengaluru,19.28
2025-05-27 07:00:00,STN202,Bengaluru,28.75
2025-05-27 08:00:00,STN202,Bengaluru,25.5
2025-05-27 09:00:00,STN202,Bengaluru,17.02
2025-05-27 10:00:00,STN202,Bengaluru,11.87
2025-05-27 11:00:00,STN202,Bengaluru,17.36
2025-05-27 12:00:00,STN202,Bengaluru,19.97
2025-05-27 13:00:00,STN202,Bengaluru,16.31
2025-05-27 14:00:00,STN202,Bengaluru,21.55
2025-05-27 15:00:00,STN202,Bengaluru,21.37
2025-05-27 16:00:00,STN202,Bengaluru,15.88
2025-05-27 17:00:00,STN202,Bengaluru,23.27
2025-05-27 18:00:00,STN202,Bengaluru,14.72
2025-05-27 19:00:00,STN202,Bengaluru,8.74
2025-05-27 20:00:00,STN202,Bengaluru,23.12
2025-05-27 21:00:00,STN202,Bengaluru,10.76
2025-05-27 22:00:00,STN202,Bengaluru,21.6
2025-05-27 23:00:00,STN202,Bengaluru,14.06
2025-05-28 00:00:00,STN202,Bengaluru,20.71
2025-05-28 01:00:00,STN202,Bengaluru,24.76
2025-05-28 02:00:00,STN202,Bengaluru,25.21
2025-05-28 03:00:00,STN202,Bengaluru,24.09
2025-05-28 04:00:00,STN202,Bengaluru,18.16
2025-05-28 05:00:00,STN202,Bengaluru,24.59
2025-05-28 06:00:00,STN202,Bengaluru,17.1
2025-05-28 07:00:00,STN202,Bengaluru,29.21
2025-05-28 08:00:00,STN202,Bengaluru,19.98
2025-05-28 09:00:00,STN202,Bengaluru,18.37
2025-05-28 10:00:00,STN202,Bengaluru,19.27
2025-05-28 11:00:00,STN202,Bengaluru,29.61
2025-05-28 12:00:00,STN202,Bengaluru,21.06
2025-05-28 13:00:00,STN202,Bengaluru,20.62
2025-05-28 14:00:00,STN202,Bengaluru,23.63
2025-05-28 15:00:00,STN202,Bengaluru,23.68
2025-05-28 16:00:00,STN202,Bengaluru,20.43
2025-05-28 17:00:00,STN202,Bengaluru,18.5
2025-05-28 18:00:00,STN202,Bengaluru,13.6
2025-05-28 19:00:00,STN202,Bengaluru,14.11
2025-05-28 20:00:00,STN202,Bengaluru,19.16
2025-05-28 21:00:00,STN202,Bengaluru,16.73
2025-05-28 22:00:00,STN202,Bengaluru,17.09
2025-05-28 23:00:00,STN202,Bengaluru,24.87
2025-05-29 00:00:00,STN202,Bengaluru,9.86
2025-05-29 01:00:00,STN202,Bengaluru,21.9
2025-05-29 02:00:00,STN202,Bengaluru,14.77
2025-05-29 03:00:00,STN202,Bengaluru,22.91
2025-05-29 04:00:00,STN202,Bengaluru,13.98
2025-05-29 05:00:00,STN202,Bengaluru,14.14
2025-05-29 06:00:00,STN202,Bengaluru,16.89
2025-05-29 07:00:00,STN202,Bengaluru,23.57
2025-05-29 08:00:00,STN202,Bengaluru,26.88
2025-05-29 09:00:00,STN202,Bengaluru,20.56
2025-05-29 10:00:00,STN202,Bengaluru,25.15
2025-05-29 11:00:00,STN202,Bengaluru,14.92
2025-05-29 12:00:00,STN202,Bengaluru,21.75
2025-05-29 13:00:00,STN202,Bengaluru,25.2
2025-05-29 14:00:00,STN202,Bengaluru,14.94
2025-05-29 15:00:00,STN202,Bengaluru,26.84
2025-05-29 16:00:00,STN202,Bengaluru,15.82
2025-05-29 17:00:00,STN202,Bengaluru,29.98
2025-05-29 18:00:00,STN202,Bengaluru,25.77
2025-05-29 19:00:00,STN202,Bengaluru,21.53
2025-05-29 20:00:00,STN202,Bengaluru,20.09
2025-05-29 21:00:00,STN202,Bengaluru,19.06
2025-05-29 22:00:00,STN202,Bengaluru,17.2
2025-05-29 23:00:00,STN202,Bengaluru,19.12
2025-05-30 00:00:00,STN202,Bengaluru,18.13
2025-05-01 00:00:00,STN303,Hyderabad,22.38
2025-05-01 01:00:00,STN303,Hyderabad,23.62
2025-05-01 02:00:00,STN303,Hyderabad,16.69
2025-05-01 03:00:00,STN303,Hyderabad,26.84
2025-05-01 04:00:00,STN303,Hyderabad,15.06
2025-05-01 05:00:00,STN303,Hyderabad,14.76
2025-05-01 06:00:00,STN303,Hyderabad,27.62
2025-05-01 07:00:00,STN303,Hyderabad,20.86
2025-05-01 08:00:00,STN303,Hyderabad,23.15
2025-05-01 09:00:00,STN303,Hyderabad,15.36
2025-05-01 10:00:00,STN303,Hyderabad,27.57
2025-05-01 11:00:00,STN303,Hyderabad,28.16
2025-05-01 12:00:00,STN303,Hyderabad,19.93
2025-05-01 13:00:00,STN303,Hyderabad,33.5
2025-05-01 14:00:00,STN303,Hyderabad,19.55
2025-05-01 15:00:00,STN303,Hyderabad,23.96
2025-05-01 16:00:00,STN303,Hyderabad,9.94
2025-05-01 17:00:00,STN303,Hyderabad,17.22
2025-05-01 18:00:00,STN303,Hyderabad,11.93
2025-05-01 19:00:00,STN303,Hyderabad,24.27
2025-05-01 20:00:00,STN303,Hyderabad,21.4
2025-05-01 21:00:00,STN303,Hyderabad,15.71
2025-05-01 22:00:00,STN303,Hyderabad,17.01
2025-05-01 23:00:00,STN303,Hyderabad,19.56
2025-05-02 00:00:00,STN303,Hyderabad,20.9
2025-05-02 01:00:00,STN303,Hyderabad,22.68
2025-05-02 02:00:00,STN303,Hyderabad,18.12
2025-05-02 03:00:00,STN303,Hyderabad,24.71
2025-05-02 04:00:00,STN303,Hyderabad,14.87
2025-05-02 05:00:00,STN303,Hyderabad,13.5
2025-05-02 06:00:00,STN303,Hyderabad,14.75
2025-05-02 07:00:00,STN303,Hyderabad,23.68
2025-05-02 08:00:00,STN303,Hyderabad,18.64
2025-05-02 09:00:00,STN303,Hyderabad,34.21
2025-05-02 10:00:00,STN303,Hyderabad,20.45
2025-05-02 11:00:00,STN303,Hyderabad,20.81
2025-05-02 12:00:00,STN303,Hyderabad,13.52
2025-05-02 13:00:00,STN303,Hyderabad,19.95
2025-05-02 14:00:00,STN303,Hyderabad,20.96
2025-05-02 15:00:00,STN303,Hyderabad,24.64
2025-05-02 16:00:00,STN303,Hyderabad,29.02
2025-05-02 17:00:00,STN303,Hyderabad,12.67
2025-05-02 18:00:00,STN303,Hyderabad,21.85
2025-05-02 19:00:00,STN303,Hyderabad,14.85
2025-05-02 20:00:00,STN303,Hyderabad,17.51
2025-05-02 21:00:00,STN303,Hyderabad,22.7
2025-05-02 22:00:00,STN303,Hyderabad,20.41
2025-05-02 23:00:00,STN303,Hyderabad,23.09
2025-05-03 00:00:00,STN303,Hyderabad,14.9
2025-05-03 01:00:00,STN303,Hyderabad,23.53
2025-05-03 02:00:00,STN303,Hyderabad,9.07
2025-05-03 03:00:00,STN303,Hyderabad,18.3
2025-05-03 04:00:00,STN303,Hyderabad,21.99
2025-05-03 05:00:00,STN303,Hyderabad,16.4
2025-05-03 06:00:00,STN303,Hyderabad,18.86
2025-05-03 07:00:00,STN303,Hyderabad,16.46
2025-05-03 08:00:00,STN303,Hyderabad,24.86
2025-05-03 09:00:00,STN303,Hyderabad,24.94
2025-05-03 10:00:00,STN303,Hyderabad,21.11
2025-05-03 11:00:00,STN303,Hyderabad,20.29
2025-05-03 12:00:00,STN303,Hyderabad,16.57
2025-05-03 13:00:00,STN303,Hyderabad,22.96
2025-05-03 14:00:00,STN303,Hyderabad,24.63
2025-05-03 15:00:00,STN303,Hyderabad,27.86
2025-05-03 16:00:00,STN303,Hyderabad,22.19
2025-05-03 17:00:00,STN303,Hyderabad,17.2
2025-05-03 18:00:00,STN303,Hyderabad,22.29
2025-05-03 19:00:00,STN303,Hyderabad,22.1
2025-05-03 20:00:00,STN303,Hyderabad,26.44
2025-05-03 21:00:00,STN303,Hyderabad,14.51
2025-05-03 22:00:00,STN303,Hyderabad,15.44
2025-05-03 23:00:00,STN303,Hyderabad,23.44
2025-05-04 00:00:00,STN303,Hyderabad,23.73
2025-05-04 01:00:00,STN303,Hyderabad,11.68
2025-05-04 02:00:00,STN303,Hyderabad,18.92
2025-05-04 03:00:00,STN303,Hyderabad,18.41
2025-05-04 04:00:00,STN303,Hyderabad,9.36
2025-05-04 05:00:00,STN303,Hyderabad,16.18
2025-05-04 06:00:00,STN303,Hyderabad,25.71
2025-05-04 07:00:00,STN303,Hyderabad,16.52
2025-05-04 08:00:00,STN303,Hyderabad,16.29
2025-05-04 09:00:00,STN303,Hyderabad,31.61
2025-05-04 10:00:00,STN303,Hyderabad,28.01
2025-05-04 11:00:00,STN303,Hyderabad,12.94
2025-05-04 12:00:00,STN303,Hyderabad,19.05
2025-05-04 13:00:00,STN303,Hyderabad,23.16
2025-05-04 14:00:00,STN303,Hyderabad,23.19
2025-05-04 15:00:00,STN303,Hyderabad,12.18
2025-05-04 16:00:00,STN303,Hyderabad,16.36
2025-05-04 17:00:00,STN303,Hyderabad,21.79
2025-05-04 18:00:00,STN303,Hyderabad,20.1
2025-05-04 19:00:00,STN303,Hyderabad,20.05
2025-05-04 20:00:00,STN303,Hyderabad,14.58
2025-05-04 21:00:00,STN303,Hyderabad,26.65
2025-05-04 22:00:00,STN303,Hyderabad,19.71
2025-05-04 23:00:00,STN303,Hyderabad,29.65
2025-05-05 00:00:00,STN303,Hyderabad,17.75
2025-05-05 01:00:00,STN303,Hyderabad,20.66
2025-05-05 02:00:00,STN303,Hyderabad,25.59
2025-05-05 03:00:00,STN303,Hyderabad,12.35
2025-05-05 04:00:00,STN303,Hyderabad,22.3
2025-05-05 05:00:00,STN303,Hyderabad,14.66
2025-05-05 06:00:00,STN303,Hyderabad,27.78
2025-05-05 07:00:00,STN303,Hyderabad,22.31
2025-05-05 08:00:00,STN303,Hyderabad,21.21
2025-05-05 09:00:00,STN303,Hyderabad,26.92
2025-05-05 10:00:00,STN303,Hyderabad,20.38
2025-05-05 11:00:00,STN303,Hyderabad,20.71
2025-05-05 12:00:00,STN303,Hyderabad,15.88
2025-05-05 13:00:00,STN303,Hyderabad,23.29
2025-05-05 14:00:00,STN303,Hyderabad,23.84
2025-05-05 15:00:00,STN303,Hyderabad,22.17
2025-05-05 16:00:00,STN303,Hyderabad,17.06
2025-05-05 17:00:00,STN303,Hyderabad,19.45
2025-05-05 18:00:00,STN303,Hyderabad,12.97
2025-05-05 19:00:00,STN303,Hyderabad,28.21
2025-05-05 20:00:00,STN303,Hyderabad,23.84
2025-05-05 21:00:00,STN303,Hyderabad,19.09
2025-05-05 22:00:00,STN303,Hyderabad,25.05
2025-05-05 23:00:00,STN303,Hyderabad,23.57
2025-05-06 00:00:00,STN303,Hyderabad,19.02
2025-05-06 01:00:00,STN303,Hyderabad,20.64
2025-05-06 02:00:00,STN303,Hyderabad,11.79
2025-05-06 03:00:00,STN303,Hyderabad,18.04
2025-05-06 04:00:00,STN303,Hyderabad,19.68
2025-05-06 05:00:00,STN303,Hyderabad,25.62
2025-05-06 06:00:00,STN303,Hyderabad,22.1
2025-05-06 07:00:00,STN303,Hyderabad,19.53
2025-05-06 08:00:00,STN303,Hyderabad,18.05
2025-05-06 09:00:00,STN303,Hyderabad,17.6
2025-05-06 10:00:00,STN303,Hyderabad,30.06
2025-05-06 11:00:00,STN303,Hyderabad,21.9
2025-05-06 12:00:00,STN303,Hyderabad,18.56
2025-05-06 13:00:00,STN303,Hyderabad,20.22
2025-05-06 14:00:00,STN303,Hyderabad,26.1
2025-05-06 15:00:00,STN303,Hyderabad,26.96
2025-05-06 16:00:00,STN303,Hyderabad,23.76
2025-05-06 17:00:00,STN303,Hyderabad,16.68
2025-05-06 18:00:00,STN303,Hyderabad,20.79
2025-05-06 19:00:00,STN303,Hyderabad,20.08
2025-05-06 20:00:00,STN303,Hyderabad,13.31
2025-05-06 21:00:00,STN303,Hyderabad,24.16
2025-05-06 22:00:00,STN303,Hyderabad,14.15
2025-05-06 23:00:00,STN303,Hyderabad,20.55
2025-05-07 00:00:00,STN303,Hyderabad,15.07
2025-05-07 01:00:00,STN303,Hyderabad,26.72
2025-05-07 02:00:00,STN303,Hyderabad,29.9
2025-05-07 03:00:00,STN303,Hyderabad,13.63
2025-05-07 04:00:00,STN303,Hyderabad,32.25
2025-05-07 05:00:00,STN303,Hyderabad,19.74
2025-05-07 06:00:00,STN303,Hyderabad,17.8
2025-05-07 07:00:00,STN303,Hyderabad,20.39
2025-05-07 08:00:00,STN303,Hyderabad,19.74
2025-05-07 09:00:00,STN303,Hyderabad,24.61
2025-05-07 10:00:00,STN303,Hyderabad,25.72
2025-05-07 11:00:00,STN303,Hyderabad,18.88
2025-05-07 12:00:00,STN303,Hyderabad,22.05
2025-05-07 13:00:00,STN303,Hyderabad,19.91
2025-05-07 14:00:00,STN303,Hyderabad,20.79
2025-05-07 15:00:00,STN303,Hyderabad,20.61
2025-05-07 16:00:00,STN303,Hyderabad,18.91
2025-05-07 17:00:00,STN303,Hyderabad,22.96
2025-05-07 18:00:00,STN303,Hyderabad,11.62
2025-05-07 19:00:00,STN303,Hyderabad,16.46
2025-05-07 20:00:00,STN303,Hyderabad,13.81
2025-05-07 21:00:00,STN303,Hyderabad,13.71
2025-05-07 22:00:00,STN303,Hyderabad,18.65
2025-05-07 23:00:00,STN303,Hyderabad,17.26
2025-05-08 00:00:00,STN303,Hyderabad,21.13
2025-05-08 01:00:00,STN303,Hyderabad,25.19
2025-05-08 02:00:00,STN303,Hyderabad,16.62
2025-05-08 03:00:00,STN303,Hyderabad,21.2
2025-05-08 04:00:00,STN303,Hyderabad,24.63
2025-05-08 05:00:00,STN303,Hyderabad,12.46
2025-05-08 06:00:00,STN303,Hyderabad,22.71
2025-05-08 07:00:00,STN303,Hyderabad,17.73
2025-05-08 08:00:00,STN303,Hyderabad,16.48
2025-05-08 09:00:00,STN303,Hyderabad,26.84
2025-05-08 10:00:00,STN303,Hyderabad,11.77
2025-05-08 11:00:00,STN303,Hyderabad,9.24
2025-05-08 12:00:00,STN303,Hyderabad,23.49
2025-05-08 13:00:00,STN303,Hyderabad,13.29
2025-05-08 14:00:00,STN303,Hyderabad,14.28
2025-05-08 15:00:00,STN303,Hyderabad,15.18
2025-05-08 16:00:00,STN303,Hyderabad,16.84
2025-05-08 17:00:00,STN303,Hyderabad,26.76
2025-05-08 18:00:00,STN303,Hyderabad,22.9
2025-05-08 19:00:00,STN303,Hyderabad,19.79
2025-05-08 20:00:00,STN303,Hyderabad,11.7
2025-05-08 21:00:00,STN303,Hyderabad,22.35
2025-05-08 22:00:00,STN303,Hyderabad,21.32
2025-05-08 23:00:00,STN303,Hyderabad,19.6
2025-05-09 00:00:00,STN303,Hyderabad,26.02
2025-05-09 01:00:00,STN303,Hyderabad,19.51
2025-05-09 02:00:00,STN303,Hyderabad,23.06
2025-05-09 03:00:00,STN303,Hyderabad,22.94
2025-05-09 04:00:00,STN303,Hyderabad,19.19
2025-05-09 05:00:00,STN303,Hyderabad,18.52
2025-05-09 06:00:00,STN303,Hyderabad,25.9
2025-05-09 07:00:00,STN303,Hyderabad,20.29
2025-05-09 08:00:00,STN303,Hyderabad,25.95
2025-05-09 09:00:00,STN303,Hyderabad,24.69
2025-05-09 10:00:00,STN303,Hyderabad,19.37
2025-05-09 11:00:00,STN303,Hyderabad,23.43
2025-05-09 12:00:00,STN303,Hyderabad,28.74
2025-05-09 13:00:00,STN303,Hyderabad,19.27
2025-05-09 14:00:00,STN303,Hyderabad,20.33
2025-05-09 15:00:00,STN303,Hyderabad,17.53
2025-05-09 16:00:00,STN303,Hyderabad,25.46
2025-05-09 17:00:00,STN303,Hyderabad,19.29
2025-05-09 18:00:00,STN303,Hyderabad,20.88
2025-05-09 19:00:00,STN303,Hyderabad,27.73
2025-05-09 20:00:00,STN303,Hyderabad,24.62
2025-05-09 21:00:00,STN303,Hyderabad,22.76
2025-05-09 22:00:00,STN303,Hyderabad,17.85
2025-05-09 23:00:00,STN303,Hyderabad,18.87
2025-05-10 00:00:00,STN303,Hyderabad,20.02
2025-05-10 01:00:00,STN303,Hyderabad,15.95
2025-05-10 02:00:00,STN303,Hyderabad,17.52
2025-05-10 03:00:00,STN303,Hyderabad,26.49
2025-05-10 04:00:00,STN303,Hyderabad,19.23
2025-05-10 05:00:00,STN303,Hyderabad,15.1
2025-05-10 06:00:00,STN303,Hyderabad,19.18
2025-05-10 07:00:00,STN303,Hyderabad,25.88
2025-05-10 08:00:00,STN303,Hyderabad,22.01
2025-05-10 09:00:00,STN303,Hyderabad,22.13
2025-05-10 10:00:00,STN303,Hyderabad,17.62
2025-05-10 11:00:00,STN303,Hyderabad,23.19
2025-05-10 12:00:00,STN303,Hyderabad,23.44
2025-05-10 13:00:00,STN303,Hyderabad,14.36
2025-05-10 14:00:00,STN303,Hyderabad,24.26
2025-05-10 15:00:00,STN303,Hyderabad,17.3
2025-05-10 16:00:00,STN303,Hyderabad,22.75
2025-05-10 17:00:00,STN303,Hyderabad,24.6
2025-05-10 18:00:00,STN303,Hyderabad,21.16
2025-05-10 19:00:00,STN303,Hyderabad,20.54
2025-05-10 20:00:00,STN303,Hyderabad,32.24
2025-05-10 21:00:00,STN303,Hyderabad,23.24
2025-05-10 22:00:00,STN303,Hyderabad,16.06
2025-05-10 23:00:00,STN303,Hyderabad,29.64
2025-05-11 00:00:00,STN303,Hyderabad,16.82
2025-05-11 01:00:00,STN303,Hyderabad,21.54
2025-05-11 02:00:00,STN303,Hyderabad,17.13
2025-05-11 03:00:00,STN303,Hyderabad,20.6
2025-05-11 04:00:00,STN303,Hyderabad,16.0
2025-05-11 05:00:00,STN303,Hyderabad,14.16
2025-05-11 06:00:00,STN303,Hyderabad,24.5
2025-05-11 07:00:00,STN303,Hyderabad,19.46
2025-05-11 08:00:00,STN303,Hyderabad,19.78
2025-05-11 09:00:00,STN303,Hyderabad,11.7
2025-05-11 10:00:00,STN303,Hyderabad,16.48
2025-05-11 11:00:00,STN303,Hyderabad,25.22
2025-05-11 12:00:00,STN303,Hyderabad,24.99
2025-05-11 13:00:00,STN303,Hyderabad,16.77
2025-05-11 14:00:00,STN303,Hyderabad,15.1
2025-05-11 15:00:00,STN303,Hyderabad,20.03
2025-05-11 16:00:00,STN303,Hyderabad,19.79
2025-05-11 17:00:00,STN303,Hyderabad,23.89
2025-05-11 18:00:00,STN303,Hyderabad,19.67
2025-05-11 19:00:00,STN303,Hyderabad,22.78
2025-05-11 20:00:00,STN303,Hyderabad,19.4
2025-05-11 21:00:00,STN303,Hyderabad,13.09
2025-05-11 22:00:00,STN303,Hyderabad,22.58
2025-05-11 23:00:00,STN303,Hyderabad,21.25
2025-05-12 00:00:00,STN303,Hyderabad,22.8
2025-05-12 01:00:00,STN303,Hyderabad,19.7
2025-05-12 02:00:00,STN303,Hyderabad,13.0
2025-05-12 03:00:00,STN303,Hyderabad,20.14
2025-05-12 04:00:00,STN303,Hyderabad,21.21
2025-05-12 05:00:00,STN303,Hyderabad,21.83
2025-05-12 06:00:00,STN303,Hyderabad,24.78
2025-05-12 07:00:00,STN303,Hyderabad,20.97
2025-05-12 08:00:00,STN303,Hyderabad,24.42
2025-05-12 09:00:00,STN303,Hyderabad,19.58
2025-05-12 10:00:00,STN303,Hyderabad,22.17
2025-05-12 11:00:00,STN303,Hyderabad,18.92
2025-05-12 12:00:00,STN303,Hyderabad,20.73
2025-05-12 13:00:00,STN303,Hyderabad,21.88
2025-05-12 14:00:00,STN303,Hyderabad,23.01
2025-05-12 15:00:00,STN303,Hyderabad,26.78
2025-05-12 16:00:00,STN303,Hyderabad,14.36
2025-05-12 17:00:00,STN303,Hyderabad,10.86
2025-05-12 18:00:00,STN303,Hyderabad,17.45
2025-05-12 19:00:00,STN303,Hyderabad,19.58
2025-05-12 20:00:00,STN303,Hyderabad,20.75
2025-05-12 21:00:00,STN303,Hyderabad,19.25
2025-05-12 22:00:00,STN303,Hyderabad,22.44
2025-05-12 23:00:00,STN303,Hyderabad,22.66
2025-05-13 00:00:00,STN303,Hyderabad,11.28
2025-05-13 01:00:00,STN303,Hyderabad,27.67
2025-05-13 02:00:00,STN303,Hyderabad,17.63
2025-05-13 03:00:00,STN303,Hyderabad,12.98
2025-05-13 04:00:00,STN303,Hyderabad,20.8
2025-05-13 05:00:00,STN303,Hyderabad,19.15
2025-05-13 06:00:00,STN303,Hyderabad,18.45
2025-05-13 07:00:00,STN303,Hyderabad,21.15
2025-05-13 08:00:00,STN303,Hyderabad,17.98
2025-05-13 09:00:00,STN303,Hyderabad,24.57
2025-05-13 10:00:00,STN303,Hyderabad,24.72
2025-05-13 11:00:00,STN303,Hyderabad,18.81
2025-05-13 12:00:00,STN303,Hyderabad,19.5
2025-05-13 13:00:00,STN303,Hyderabad,20.94
2025-05-13 14:00:00,STN303,Hyderabad,15.88
2025-05-13 15:00:00,STN303,Hyderabad,27.13
2025-05-13 16:00:00,STN303,Hyderabad,6.67
2025-05-13 17:00:00,STN303,Hyderabad,13.74
2025-05-13 18:00:00,STN303,Hyderabad,24.04
2025-05-13 19:00:00,STN303,Hyderabad,17.41
2025-05-13 20:00:00,STN303,Hyderabad,16.29
2025-05-13 21:00:00,STN303,Hyderabad,22.83
2025-05-13 22:00:00,STN303,Hyderabad,25.12
2025-05-13 23:00:00,STN303,Hyderabad,27.01
2025-05-14 00:00:00,STN303,Hyderabad,15.91
2025-05-14 01:00:00,STN303,Hyderabad,22.5
2025-05-14 02:00:00,STN303,Hyderabad,20.54
2025-05-14 03:00:00,STN303,Hyderabad,20.26
2025-05-14 04:00:00,STN303,Hyderabad,22.35
2025-05-14 05:00:00,STN303,Hyderabad,10.75
2025-05-14 06:00:00,STN303,Hyderabad,18.3
2025-05-14 07:00:00,STN303,Hyderabad,18.62
2025-05-14 08:00:00,STN303,Hyderabad,22.18
2025-05-14 09:00:00,STN303,Hyderabad,30.48
2025-05-14 10:00:00,STN303,Hyderabad,21.03
2025-05-14 11:00:00,STN303,Hyderabad,8.74
2025-05-14 12:00:00,STN303,Hyderabad,15.64
2025-05-14 13:00:00,STN303,Hyderabad,20.86
2025-05-14 14:00:00,STN303,Hyderabad,14.43
2025-05-14 15:00:00,STN303,Hyderabad,13.66
2025-05-14 16:00:00,STN303,Hyderabad,21.89
2025-05-14 17:00:00,STN303,Hyderabad,10.4
2025-05-14 18:00:00,STN303,Hyderabad,22.99
2025-05-14 19:00:00,STN303,Hyderabad,24.26
2025-05-14 20:00:00,STN303,Hyderabad,19.12
2025-05-14 21:00:00,STN303,Hyderabad,10.02
2025-05-14 22:00:00,STN303,Hyderabad,18.36
2025-05-14 23:00:00,STN303,Hyderabad,17.4
2025-05-15 00:00:00,STN303,Hyderabad,24.62
2025-05-15 01:00:00,STN303,Hyderabad,11.6
2025-05-15 02:00:00,STN303,Hyderabad,21.85
2025-05-15 03:00:00,STN303,Hyderabad,27.72
2025-05-15 04:00:00,STN303,Hyderabad,23.76
2025-05-15 05:00:00,STN303,Hyderabad,13.59
2025-05-15 06:00:00,STN303,Hyderabad,10.49
2025-05-15 07:00:00,STN303,Hyderabad,22.0
2025-05-15 08:00:00,STN303,Hyderabad,30.43
2025-05-15 09:00:00,STN303,Hyderabad,19.34
2025-05-15 10:00:00,STN303,Hyderabad,19.62
2025-05-15 11:00:00,STN303,Hyderabad,17.17
2025-05-15 12:00:00,STN303,Hyderabad,10.5
2025-05-15 13:00:00,STN303,Hyderabad,19.73
2025-05-15 14:00:00,STN303,Hyderabad,11.57
2025-05-15 15:00:00,STN303,Hyderabad,27.22
2025-05-15 16:00:00,STN303,Hyderabad,16.86
2025-05-15 17:00:00,STN303,Hyderabad,19.74
2025-05-15 18:00:00,STN303,Hyderabad,14.67
2025-05-15 19:00:00,STN303,Hyderabad,16.03
2025-05-15 20:00:00,STN303,Hyderabad,13.78
2025-05-15 21:00:00,STN303,Hyderabad,15.02
2025-05-15 22:00:00,STN303,Hyderabad,21.36
2025-05-15 23:00:00,STN303,Hyderabad,28.64
2025-05-16 00:00:00,STN303,Hyderabad,13.66
2025-05-16 01:00:00,STN303,Hyderabad,20.27
2025-05-16 02:00:00,STN303,Hyderabad,17.76
2025-05-16 03:00:00,STN303,Hyderabad,18.64
2025-05-16 04:00:00,STN303,Hyderabad,24.37
2025-05-16 05:00:00,STN303,Hyderabad,24.19
2025-05-16 06:00:00,STN303,Hyderabad,23.9
2025-05-16 07:00:00,STN303,Hyderabad,13.65
2025-05-16 08:00:00,STN303,Hyderabad,14.07
2025-05-16 09:00:00,STN303,Hyderabad,21.58
2025-05-16 10:00:00,STN303,Hyderabad,22.35
2025-05-16 11:00:00,STN303,Hyderabad,17.0
2025-05-16 12:00:00,STN303,Hyderabad,16.24
2025-05-16 13:00:00,STN303,Hyderabad,13.9
2025-05-16 14:00:00,STN303,Hyderabad,21.79
2025-05-16 15:00:00,STN303,Hyderabad,21.53
2025-05-16 16:00:00,STN303,Hyderabad,16.39
2025-05-16 17:00:00,STN303,Hyderabad,25.29
2025-05-16 18:00:00,STN303,Hyderabad,18.03
2025-05-16 19:00:00,STN303,Hyderabad,20.48
2025-05-16 20:00:00,STN303,Hyderabad,18.05
2025-05-16 21:00:00,STN303,Hyderabad,20.66
2025-05-16 22:00:00,STN303,Hyderabad,21.7
2025-05-16 23:00:00,STN303,Hyderabad,25.26
2025-05-17 00:00:00,STN303,Hyderabad,11.34
2025-05-17 01:00:00,STN303,Hyderabad,24.96
2025-05-17 02:00:00,STN303,Hyderabad,21.86
2025-05-17 03:00:00,STN303,Hyderabad,22.82
2025-05-17 04:00:00,STN303,Hyderabad,28.51
2025-05-17 05:00:00,STN303,Hyderabad,16.07
2025-05-17 06:00:00,STN303,Hyderabad,16.78
2025-05-17 07:00:00,STN303,Hyderabad,16.94
2025-05-17 08:00:00,STN303,Hyderabad,17.94
2025-05-17 09:00:00,STN303,Hyderabad,19.09
2025-05-17 10:00:00,STN303,Hyderabad,21.26
2025-05-17 11:00:00,STN303,Hyderabad,17.02
2025-05-17 12:00:00,STN303,Hyderabad,22.58
2025-05-17 13:00:00,STN303,Hyderabad,23.58
2025-05-17 14:00:00,STN303,Hyderabad,24.54
2025-05-17 15:00:00,STN303,Hyderabad,21.34
2025-05-17 16:00:00,STN303,Hyderabad,28.5
2025-05-17 17:00:00,STN303,Hyderabad,12.62
2025-05-17 18:00:00,STN303,Hyderabad,14.94
2025-05-17 19:00:00,STN303,Hyderabad,25.64
2025-05-17 20:00:00,STN303,Hyderabad,34.7
2025-05-17 21:00:00,STN303,Hyderabad,24.69
2025-05-17 22:00:00,STN303,Hyderabad,24.32
2025-05-17 23:00:00,STN303,Hyderabad,14.53
2025-05-18 00:00:00,STN303,Hyderabad,22.49
2025-05-18 01:00:00,STN303,Hyderabad,14.89
2025-05-18 02:00:00,STN303,Hyderabad,15.3
2025-05-18 03:00:00,STN303,Hyderabad,13.24
2025-05-18 04:00:00,STN303,Hyderabad,21.79
2025-05-18 05:00:00,STN303,Hyderabad,21.21
2025-05-18 06:00:00,STN303,Hyderabad,24.12
2025-05-18 07:00:00,STN303,Hyderabad,21.86
2025-05-18 08:00:00,STN303,Hyderabad,20.06
2025-05-18 09:00:00,STN303,Hyderabad,23.36
2025-05-18 10:00:00,STN303,Hyderabad,18.48
2025-05-18 11:00:00,STN303,Hyderabad,24.31
2025-05-18 12:00:00,STN303,Hyderabad,15.86
2025-05-18 13:00:00,STN303,Hyderabad,23.24
2025-05-18 14:00:00,STN303,Hyderabad,16.3
2025-05-18 15:00:00,STN303,Hyderabad,22.33
2025-05-18 16:00:00,STN303,Hyderabad,16.02
2025-05-18 17:00:00,STN303,Hyderabad,11.49
2025-05-18 18:00:00,STN303,Hyderabad,20.04
2025-05-18 19:00:00,STN303,Hyderabad,8.49
2025-05-18 20:00:00,STN303,Hyderabad,25.61
2025-05-18 21:00:00,STN303,Hyderabad,13.4
2025-05-18 22:00:00,STN303,Hyderabad,22.38
2025-05-18 23:00:00,STN303,Hyderabad,18.79
2025-05-19 00:00:00,STN303,Hyderabad,16.44
2025-05-19 01:00:00,STN303,Hyderabad,19.9
2025-05-19 02:00:00,STN303,Hyderabad,25.16
2025-05-19 03:00:00,STN303,Hyderabad,18.01
2025-05-19 04:00:00,STN303,Hyderabad,23.66
2025-05-19 05:00:00,STN303,Hyderabad,8.67
2025-05-19 06:00:00,STN303,Hyderabad,25.14
2025-05-19 07:00:00,STN303,Hyderabad,19.4
2025-05-19 08:00:00,STN303,Hyderabad,15.42
2025-05-19 09:00:00,STN303,Hyderabad,24.62
2025-05-19 10:00:00,STN303,Hyderabad,19.89
2025-05-19 11:00:00,STN303,Hyderabad,17.79
2025-05-19 12:00:00,STN303,Hyderabad,23.78
2025-05-19 13:00:00,STN303,Hyderabad,13.06
2025-05-19 14:00:00,STN303,Hyderabad,18.72
2025-05-19 15:00:00,STN303,Hyderabad,11.9
2025-05-19 16:00:00,STN303,Hyderabad,14.02
2025-05-19 17:00:00,STN303,Hyderabad,16.95
2025-05-19 18:00:00,STN303,Hyderabad,18.25
2025-05-19 19:00:00,STN303,Hyderabad,22.94
2025-05-19 20:00:00,STN303,Hyderabad,29.51
2025-05-19 21:00:00,STN303,Hyderabad,15.53
2025-05-19 22:00:00,STN303,Hyderabad,17.48
2025-05-19 23:00:00,STN303,Hyderabad,21.44
2025-05-20 00:00:00,STN303,Hyderabad,24.75
2025-05-20 01:00:00,STN303,Hyderabad,27.51
2025-05-20 02:00:00,STN303,Hyderabad,24.75
2025-05-20 03:00:00,STN303,Hyderabad,21.58
2025-05-20 04:00:00,STN303,Hyderabad,20.1
2025-05-20 05:00:00,STN303,Hyderabad,15.42
2025-05-20 06:00:00,STN303,Hyderabad,20.84
2025-05-20 07:00:00,STN303,Hyderabad,22.93
2025-05-20 08:00:00,STN303,Hyderabad,31.35
2025-05-20 09:00:00,STN303,Hyderabad,18.19
2025-05-20 10:00:00,STN303,Hyderabad,25.31
2025-05-20 11:00:00,STN303,Hyderabad,16.65
2025-05-20 12:00:00,STN303,Hyderabad,19.09
2025-05-20 13:00:00,STN303,Hyderabad,20.76
2025-05-20 14:00:00,STN303,Hyderabad,18.66
2025-05-20 15:00:00,STN303,Hyderabad,18.61
2025-05-20 16:00:00,STN303,Hyderabad,8.88
2025-05-20 17:00:00,STN303,Hyderabad,22.57
2025-05-20 18:00:00,STN303,Hyderabad,21.42
2025-05-20 19:00:00,STN303,Hyderabad,15.86
2025-05-20 20:00:00,STN303,Hyderabad,17.8
2025-05-20 21:00:00,STN303,Hyderabad,14.7
2025-05-20 22:00:00,STN303,Hyderabad,19.56
2025-05-20 23:00:00,STN303,Hyderabad,16.62
2025-05-21 00:00:00,STN303,Hyderabad,21.34
2025-05-21 01:00:00,STN303,Hyderabad,19.58
2025-05-21 02:00:00,STN303,Hyderabad,10.2
2025-05-21 03:00:00,STN303,Hyderabad,12.72
2025-05-21 04:00:00,STN303,Hyderabad,22.41
2025-05-21 05:00:00,STN303,Hyderabad,7.15
2025-05-21 06:00:00,STN303,Hyderabad,21.27
2025-05-21 07:00:00,STN303,Hyderabad,13.68
2025-05-21 08:00:00,STN303,Hyderabad,21.74
2025-05-21 09:00:00,STN303,Hyderabad,16.53
2025-05-21 10:00:00,STN303,Hyderabad,8.52
2025-05-21 11:00:00,STN303,Hyderabad,22.52
2025-05-21 12:00:00,STN303,Hyderabad,30.38
2025-05-21 13:00:00,STN303,Hyderabad,16.59
2025-05-21 14:00:00,STN303,Hyderabad,23.49
2025-05-21 15:00:00,STN303,Hyderabad,18.31
2025-05-21 16:00:00,STN303,Hyderabad,24.05
2025-05-21 17:00:00,STN303,Hyderabad,25.03
2025-05-21 18:00:00,STN303,Hyderabad,29.31
2025-05-21 19:00:00,STN303,Hyderabad,18.55
2025-05-21 20:00:00,STN303,Hyderabad,17.32
2025-05-21 21:00:00,STN303,Hyderabad,23.3
2025-05-21 22:00:00,STN303,Hyderabad,22.39
2025-05-21 23:00:00,STN303,Hyderabad,20.81
2025-05-22 00:00:00,STN303,Hyderabad,17.18
2025-05-22 01:00:00,STN303,Hyderabad,2.24
2025-05-22 02:00:00,STN303,Hyderabad,16.79
2025-05-22 03:00:00,STN303,Hyderabad,21.78
2025-05-22 04:00:00,STN303,Hyderabad,19.39
2025-05-22 05:00:00,STN303,Hyderabad,21.71
2025-05-22 06:00:00,STN303,Hyderabad,16.94
2025-05-22 07:00:00,STN303,Hyderabad,18.84
2025-05-22 08:00:00,STN303,Hyderabad,17.6
2025-05-22 09:00:00,STN303,Hyderabad,20.29
2025-05-22 10:00:00,STN303,Hyderabad,18.89
2025-05-22 11:00:00,STN303,Hyderabad,18.66
2025-05-22 12:00:00,STN303,Hyderabad,23.52
2025-05-22 13:00:00,STN303,Hyderabad,15.06
2025-05-22 14:00:00,STN303,Hyderabad,15.19
2025-05-22 15:00:00,STN303,Hyderabad,26.35
2025-05-22 16:00:00,STN303,Hyderabad,26.95
2025-05-22 17:00:00,STN303,Hyderabad,7.13
2025-05-22 18:00:00,STN303,Hyderabad,22.73
2025-05-22 19:00:00,STN303,Hyderabad,16.34
2025-05-22 20:00:00,STN303,Hyderabad,27.85
2025-05-22 21:00:00,STN303,Hyderabad,21.78
2025-05-22 22:00:00,STN303,Hyderabad,19.74
2025-05-22 23:00:00,STN303,Hyderabad,22.18
2025-05-23 00:00:00,STN303,Hyderabad,16.38
2025-05-23 01:00:00,STN303,Hyderabad,27.94
2025-05-23 02:00:00,STN303,Hyderabad,23.79
2025-05-23 03:00:00,STN303,Hyderabad,19.79
2025-05-23 04:00:00,STN303,Hyderabad,21.31
2025-05-23 05:00:00,STN303,Hyderabad,17.07
2025-05-23 06:00:00,STN303,Hyderabad,20.42
2025-05-23 07:00:00,STN303,Hyderabad,19.93
2025-05-23 08:00:00,STN303,Hyderabad,17.22
2025-05-23 09:00:00,STN303,Hyderabad,13.57
2025-05-23 10:00:00,STN303,Hyderabad,24.44
2025-05-23 11:00:00,STN303,Hyderabad,16.58
2025-05-23 12:00:00,STN303,Hyderabad,21.08
2025-05-23 13:00:00,STN303,Hyderabad,13.7
2025-05-23 14:00:00,STN303,Hyderabad,14.96
2025-05-23 15:00:00,STN303,Hyderabad,28.54
2025-05-23 16:00:00,STN303,Hyderabad,15.02
2025-05-23 17:00:00,STN303,Hyderabad,12.12
2025-05-23 18:00:00,STN303,Hyderabad,21.7
2025-05-23 19:00:00,STN303,Hyderabad,13.16
2025-05-23 20:00:00,STN303,Hyderabad,23.37
2025-05-23 21:00:00,STN303,Hyderabad,21.73
2025-05-23 22:00:00,STN303,Hyderabad,30.65
2025-05-23 23:00:00,STN303,Hyderabad,20.78
2025-05-24 00:00:00,STN303,Hyderabad,23.64
2025-05-24 01:00:00,STN303,Hyderabad,11.05
2025-05-24 02:00:00,STN303,Hyderabad,22.33
2025-05-24 03:00:00,STN303,Hyderabad,8.04
2025-05-24 04:00:00,STN303,Hyderabad,19.94
2025-05-24 05:00:00,STN303,Hyderabad,27.54
2025-05-24 06:00:00,STN303,Hyderabad,19.43
2025-05-24 07:00:00,STN303,Hyderabad,26.11
2025-05-24 08:00:00,STN303,Hyderabad,21.75
2025-05-24 09:00:00,STN303,Hyderabad,16.91
2025-05-24 10:00:00,STN303,Hyderabad,16.39
2025-05-24 11:00:00,STN303,Hyderabad,24.03
2025-05-24 12:00:00,STN303,Hyderabad,5.84
2025-05-24 13:00:00,STN303,Hyderabad,21.9
2025-05-24 14:00:00,STN303,Hyderabad,17.58
2025-05-24 15:00:00,STN303,Hyderabad,14.5
2025-05-24 16:00:00,STN303,Hyderabad,25.68
2025-05-24 17:00:00,STN303,Hyderabad,18.5
2025-05-24 18:00:00,STN303,Hyderabad,19.74
2025-05-24 19:00:00,STN303,Hyderabad,24.58
2025-05-24 20:00:00,STN303,Hyderabad,29.24
2025-05-24 21:00:00,STN303,Hyderabad,24.57
2025-05-24 22:00:00,STN303,Hyderabad,13.07
2025-05-24 23:00:00,STN303,Hyderabad,14.06
2025-05-25 00:00:00,STN303,Hyderabad,11.73
2025-05-25 01:00:00,STN303,Hyderabad,15.26
2025-05-25 02:00:00,STN303,Hyderabad,13.71
2025-05-25 03:00:00,STN303,Hyderabad,22.24
2025-05-25 04:00:00,STN303,Hyderabad,23.9
2025-05-25 05:00:00,STN303,Hyderabad,16.92
2025-05-25 06:00:00,STN303,Hyderabad,27.83
2025-05-25 07:00:00,STN303,Hyderabad,19.84
2025-05-25 08:00:00,STN303,Hyderabad,20.97
2025-05-25 09:00:00,STN303,Hyderabad,24.37
2025-05-25 10:00:00,STN303,Hyderabad,15.6
2025-05-25 11:00:00,STN303,Hyderabad,27.45
2025-05-25 12:00:00,STN303,Hyderabad,20.02
2025-05-25 13:00:00,STN303,Hyderabad,23.55
2025-05-25 14:00:00,STN303,Hyderabad,20.51
2025-05-25 15:00:00,STN303,Hyderabad,23.96
2025-05-25 16:00:00,STN303,Hyderabad,23.35
2025-05-25 17:00:00,STN303,Hyderabad,18.93
2025-05-25 18:00:00,STN303,Hyderabad,28.23
2025-05-25 19:00:00,STN303,Hyderabad,23.48
2025-05-25 20:00:00,STN303,Hyderabad,14.58
2025-05-25 21:00:00,STN303,Hyderabad,19.18
2025-05-25 22:00:00,STN303,Hyderabad,26.86
2025-05-25 23:00:00,STN303,Hyderabad,20.66
2025-05-26 00:00:00,STN303,Hyderabad,19.3
2025-05-26 01:00:00,STN303,Hyderabad,25.71
2025-05-26 02:00:00,STN303,Hyderabad,18.97
2025-05-26 03:00:00,STN303,Hyderabad,15.03
2025-05-26 04:00:00,STN303,Hyderabad,15.36
2025-05-26 05:00:00,STN303,Hyderabad,22.47
2025-05-26 06:00:00,STN303,Hyderabad,21.44
2025-05-26 07:00:00,STN303,Hyderabad,17.91
2025-05-26 08:00:00,STN303,Hyderabad,22.18
2025-05-26 09:00:00,STN303,Hyderabad,18.45
2025-05-26 10:00:00,STN303,Hyderabad,24.77
2025-05-26 11:00:00,STN303,Hyderabad,16.55
2025-05-26 12:00:00,STN303,Hyderabad,23.22
2025-05-26 13:00:00,STN303,Hyderabad,14.02
2025-05-26 14:00:00,STN303,Hyderabad,18.99
2025-05-26 15:00:00,STN303,Hyderabad,19.15
2025-05-26 16:00:00,STN303,Hyderabad,14.99
2025-05-26 17:00:00,STN303,Hyderabad,17.33
2025-05-26 18:00:00,STN303,Hyderabad,21.36
2025-05-26 19:00:00,STN303,Hyderabad,18.25
2025-05-26 20:00:00,STN303,Hyderabad,23.99
2025-05-26 21:00:00,STN303,Hyderabad,25.72
2025-05-26 22:00:00,STN303,Hyderabad,21.92
2025-05-26 23:00:00,STN303,Hyderabad,16.12
2025-05-27 00:00:00,STN303,Hyderabad,26.73
2025-05-27 01:00:00,STN303,Hyderabad,23.0
2025-05-27 02:00:00,STN303,Hyderabad,11.98
2025-05-27 03:00:00,STN303,Hyderabad,17.02
2025-05-27 04:00:00,STN303,Hyderabad,21.54
2025-05-27 05:00:00,STN303,Hyderabad,24.06
2025-05-27 06:00:00,STN303,Hyderabad,13.21
2025-05-27 07:00:00,STN303,Hyderabad,25.27
2025-05-27 08:00:00,STN303,Hyderabad,15.63
2025-05-27 09:00:00,STN303,Hyderabad,20.52
2025-05-27 10:00:00,STN303,Hyderabad,22.93
2025-05-27 11:00:00,STN303,Hyderabad,16.18
2025-05-27 12:00:00,STN303,Hyderabad,32.03
2025-05-27 13:00:00,STN303,Hyderabad,26.99
2025-05-27 14:00:00,STN303,Hyderabad,23.7
2025-05-27 15:00:00,STN303,Hyderabad,25.24
2025-05-27 16:00:00,STN303,Hyderabad,17.49
2025-05-27 17:00:00,STN303,Hyderabad,21.69
2025-05-27 18:00:00,STN303,Hyderabad,18.69
2025-05-27 19:00:00,STN303,Hyderabad,19.38
2025-05-27 20:00:00,STN303,Hyderabad,6.09
2025-05-27 21:00:00,STN303,Hyderabad,18.87
2025-05-27 22:00:00,STN303,Hyderabad,22.82
2025-05-27 23:00:00,STN303,Hyderabad,21.01
2025-05-28 00:00:00,STN303,Hyderabad,12.43
2025-05-28 01:00:00,STN303,Hyderabad,13.52
2025-05-28 02:00:00,STN303,Hyderabad,17.41
2025-05-28 03:00:00,STN303,Hyderabad,20.22
2025-05-28 04:00:00,STN303,Hyderabad,11.77
2025-05-28 05:00:00,STN303,Hyderabad,15.14
2025-05-28 06:00:00,STN303,Hyderabad,15.46
2025-05-28 07:00:00,STN303,Hyderabad,16.68
2025-05-28 08:00:00,STN303,Hyderabad,18.28
2025-05-28 09:00:00,STN303,Hyderabad,20.4
2025-05-28 10:00:00,STN303,Hyderabad,21.84
2025-05-28 11:00:00,STN303,Hyderabad,25.25
2025-05-28 12:00:00,STN303,Hyderabad,17.86
2025-05-28 13:00:00,STN303,Hyderabad,22.17
2025-05-28 14:00:00,STN303,Hyderabad,22.59
2025-05-28 15:00:00,STN303,Hyderabad,24.6
2025-05-28 16:00:00,STN303,Hyderabad,11.56
2025-05-28 17:00:00,STN303,Hyderabad,19.35
2025-05-28 18:00:00,STN303,Hyderabad,17.84
2025-05-28 19:00:00,STN303,Hyderabad,21.19
2025-05-28 20:00:00,STN303,Hyderabad,21.6
2025-05-28 21:00:00,STN303,Hyderabad,11.65
2025-05-28 22:00:00,STN303,Hyderabad,8.68
2025-05-28 23:00:00,STN303,Hyderabad,19.36
2025-05-29 00:00:00,STN303,Hyderabad,14.81
2025-05-29 01:00:00,STN303,Hyderabad,15.38
2025-05-29 02:00:00,STN303,Hyderabad,24.89
2025-05-29 03:00:00,STN303,Hyderabad,23.99
2025-05-29 04:00:00,STN303,Hyderabad,21.81
2025-05-29 05:00:00,STN303,Hyderabad,6.64
2025-05-29 06:00:00,STN303,Hyderabad,27.55
2025-05-29 07:00:00,STN303,Hyderabad,21.79
2025-05-29 08:00:00,STN303,Hyderabad,20.8
2025-05-29 09:00:00,STN303,Hyderabad,14.11
2025-05-29 10:00:00,STN303,Hyderabad,22.69
2025-05-29 11:00:00,STN303,Hyderabad,21.48
2025-05-29 12:00:00,STN303,Hyderabad,18.91
2025-05-29 13:00:00,STN303,Hyderabad,22.83
2025-05-29 14:00:00,STN303,Hyderabad,17.08
2025-05-29 15:00:00,STN303,Hyderabad,20.93
2025-05-29 16:00:00,STN303,Hyderabad,18.16
2025-05-29 17:00:00,STN303,Hyderabad,27.52
2025-05-29 18:00:00,STN303,Hyderabad,12.71
2025-05-29 19:00:00,STN303,Hyderabad,15.89
2025-05-29 20:00:00,STN303,Hyderabad,20.91
2025-05-29 21:00:00,STN303,Hyderabad,23.82
2025-05-29 22:00:00,STN303,Hyderabad,17.39
2025-05-29 23:00:00,STN303,Hyderabad,20.9
2025-05-30 00:00:00,STN303,Hyderabad,28.37
