timestamp,location,traffic_volume
2025-05-01 00:00:00,Hyderabad,781
2025-05-01 01:00:00,Hyderabad,731
2025-05-01 02:00:00,Hyderabad,677
2025-05-01 03:00:00,Hyderabad,306
2025-05-01 04:00:00,Hyderabad,307
2025-05-01 05:00:00,Hyderabad,516
2025-05-01 06:00:00,Hyderabad,607
2025-05-01 07:00:00,Hyderabad,308
2025-05-01 08:00:00,Hyderabad,695
2025-05-01 09:00:00,Hyderabad,541
2025-05-01 10:00:00,Hyderabad,323
2025-05-01 11:00:00,Hyderabad,378
2025-05-01 12:00:00,Hyderabad,783
2025-05-01 13:00:00,Hyderabad,641
2025-05-01 14:00:00,Hyderabad,679
2025-05-01 15:00:00,Hyderabad,743
2025-05-01 16:00:00,Hyderabad,342
2025-05-01 17:00:00,Hyderabad,679
2025-05-01 18:00:00,Hyderabad,456
2025-05-01 19:00:00,Hyderabad,451
2025-05-01 20:00:00,Hyderabad,376
2025-05-01 21:00:00,Hyderabad,663
2025-05-01 22:00:00,Hyderabad,509
2025-05-01 23:00:00,Hyderabad,519
2025-05-02 00:00:00,Hyderabad,475
2025-05-02 01:00:00,Hyderabad,474
2025-05-02 02:00:00,Hyderabad,541
2025-05-02 03:00:00,Hyderabad,438
2025-05-02 04:00:00,Hyderabad,775
2025-05-02 05:00:00,Hyderabad,669
2025-05-02 06:00:00,Hyderabad,678
2025-05-02 07:00:00,Hyderabad,611
2025-05-02 08:00:00,Hyderabad,672
2025-05-02 09:00:00,Hyderabad,361
2025-05-02 10:00:00,Hyderabad,680
2025-05-02 11:00:00,Hyderabad,524
2025-05-02 12:00:00,Hyderabad,754
2025-05-02 13:00:00,Hyderabad,446
2025-05-02 14:00:00,Hyderabad,736
2025-05-02 15:00:00,Hyderabad,409
2025-05-02 16:00:00,Hyderabad,455
2025-05-02 17:00:00,Hyderabad,639
2025-05-02 18:00:00,Hyderabad,301
2025-05-02 19:00:00,Hyderabad,650
2025-05-02 20:00:00,Hyderabad,370
2025-05-02 21:00:00,Hyderabad,667
2025-05-02 22:00:00,Hyderabad,593
2025-05-02 23:00:00,Hyderabad,674
2025-05-03 00:00:00,Hyderabad,422
2025-05-03 01:00:00,Hyderabad,729
2025-05-03 02:00:00,Hyderabad,524
2025-05-03 03:00:00,Hyderabad,452
2025-05-03 04:00:00,Hyderabad,510
2025-05-03 05:00:00,Hyderabad,702
2025-05-03 06:00:00,Hyderabad,744
2025-05-03 07:00:00,Hyderabad,349
2025-05-03 08:00:00,Hyderabad,378
2025-05-03 09:00:00,Hyderabad,404
2025-05-03 10:00:00,Hyderabad,312
2025-05-03 11:00:00,Hyderabad,775
2025-05-03 12:00:00,Hyderabad,622
2025-05-03 13:00:00,Hyderabad,314
2025-05-03 14:00:00,Hyderabad,705
2025-05-03 15:00:00,Hyderabad,553
2025-05-03 16:00:00,Hyderabad,703
2025-05-03 17:00:00,Hyderabad,631
2025-05-03 18:00:00,Hyderabad,678
2025-05-03 19:00:00,Hyderabad,794
2025-05-03 20:00:00,Hyderabad,363
2025-05-03 21:00:00,Hyderabad,540
2025-05-03 22:00:00,Hyderabad,425
2025-05-03 23:00:00,Hyderabad,486
2025-05-04 00:00:00,Hyderabad,305
2025-05-04 01:00:00,Hyderabad,660
2025-05-04 02:00:00,Hyderabad,586
2025-05-04 03:00:00,Hyderabad,447
2025-05-04 04:00:00,Hyderabad,706
2025-05-04 05:00:00,Hyderabad,714
2025-05-04 06:00:00,Hyderabad,729
2025-05-04 07:00:00,Hyderabad,562
2025-05-04 08:00:00,Hyderabad,582
2025-05-04 09:00:00,Hyderabad,791
2025-05-04 10:00:00,Hyderabad,758
2025-05-04 11:00:00,Hyderabad,657
2025-05-04 12:00:00,Hyderabad,495
2025-05-04 13:00:00,Hyderabad,565
2025-05-04 14:00:00,Hyderabad,532
2025-05-04 15:00:00,Hyderabad,526
2025-05-04 16:00:00,Hyderabad,484
2025-05-04 17:00:00,Hyderabad,663
2025-05-04 18:00:00,Hyderabad,542
2025-05-04 19:00:00,Hyderabad,448
2025-05-04 20:00:00,Hyderabad,779
2025-05-04 21:00:00,Hyderabad,449
2025-05-04 22:00:00,Hyderabad,458
2025-05-04 23:00:00,Hyderabad,754
2025-05-05 00:00:00,Hyderabad,465
2025-05-05 01:00:00,Hyderabad,750
2025-05-05 02:00:00,Hyderabad,406
2025-05-05 03:00:00,Hyderabad,738
2025-05-05 04:00:00,Hyderabad,698
2025-05-05 05:00:00,Hyderabad,379
2025-05-05 06:00:00,Hyderabad,746
2025-05-05 07:00:00,Hyderabad,535
2025-05-05 08:00:00,Hyderabad,547
2025-05-05 09:00:00,Hyderabad,625
2025-05-05 10:00:00,Hyderabad,701
2025-05-05 11:00:00,Hyderabad,664
2025-05-05 12:00:00,Hyderabad,374
2025-05-05 13:00:00,Hyderabad,465
2025-05-05 14:00:00,Hyderabad,797
2025-05-05 15:00:00,Hyderabad,536
2025-05-05 16:00:00,Hyderabad,625
2025-05-05 17:00:00,Hyderabad,548
2025-05-05 18:00:00,Hyderabad,387
2025-05-05 19:00:00,Hyderabad,530
2025-05-05 20:00:00,Hyderabad,346
2025-05-05 21:00:00,Hyderabad,782
2025-05-05 22:00:00,Hyderabad,644
2025-05-05 23:00:00,Hyderabad,330
2025-05-06 00:00:00,Hyderabad,626
2025-05-06 01:00:00,Hyderabad,774
2025-05-06 02:00:00,Hyderabad,749
2025-05-06 03:00:00,Hyderabad,510
2025-05-06 04:00:00,Hyderabad,605
2025-05-06 05:00:00,Hyderabad,627
2025-05-06 06:00:00,Hyderabad,386
2025-05-06 07:00:00,Hyderabad,589
2025-05-06 08:00:00,Hyderabad,316
2025-05-06 09:00:00,Hyderabad,380
2025-05-06 10:00:00,Hyderabad,628
2025-05-06 11:00:00,Hyderabad,641
2025-05-06 12:00:00,Hyderabad,783
2025-05-06 13:00:00,Hyderabad,660
2025-05-06 14:00:00,Hyderabad,767
2025-05-06 15:00:00,Hyderabad,592
2025-05-06 16:00:00,Hyderabad,515
2025-05-06 17:00:00,Hyderabad,767
2025-05-06 18:00:00,Hyderabad,445
2025-05-06 19:00:00,Hyderabad,687
2025-05-06 20:00:00,Hyderabad,452
2025-05-06 21:00:00,Hyderabad,417
2025-05-06 22:00:00,Hyderabad,688
2025-05-06 23:00:00,Hyderabad,308
2025-05-07 00:00:00,Hyderabad,537
2025-05-07 01:00:00,Hyderabad,458
2025-05-07 02:00:00,Hyderabad,463
2025-05-07 03:00:00,Hyderabad,567
2025-05-07 04:00:00,Hyderabad,456
2025-05-07 05:00:00,Hyderabad,443
2025-05-07 06:00:00,Hyderabad,474
2025-05-07 07:00:00,Hyderabad,322
2025-05-07 08:00:00,Hyderabad,320
2025-05-07 09:00:00,Hyderabad,339
2025-05-07 10:00:00,Hyderabad,688
2025-05-07 11:00:00,Hyderabad,449
2025-05-07 12:00:00,Hyderabad,467
2025-05-07 13:00:00,Hyderabad,445
2025-05-07 14:00:00,Hyderabad,574
2025-05-07 15:00:00,Hyderabad,595
2025-05-07 16:00:00,Hyderabad,664
2025-05-07 17:00:00,Hyderabad,604
2025-05-07 18:00:00,Hyderabad,721
2025-05-07 19:00:00,Hyderabad,605
2025-05-07 20:00:00,Hyderabad,738
2025-05-07 21:00:00,Hyderabad,774
2025-05-07 22:00:00,Hyderabad,760
2025-05-07 23:00:00,Hyderabad,448
2025-05-08 00:00:00,Hyderabad,332
2025-05-08 01:00:00,Hyderabad,720
2025-05-08 02:00:00,Hyderabad,348
2025-05-08 03:00:00,Hyderabad,432
2025-05-08 04:00:00,Hyderabad,320
2025-05-08 05:00:00,Hyderabad,420
2025-05-08 06:00:00,Hyderabad,389
2025-05-08 07:00:00,Hyderabad,704
2025-05-08 08:00:00,Hyderabad,466
2025-05-08 09:00:00,Hyderabad,722
2025-05-08 10:00:00,Hyderabad,475
2025-05-08 11:00:00,Hyderabad,351
2025-05-08 12:00:00,Hyderabad,483
2025-05-08 13:00:00,Hyderabad,471
2025-05-08 14:00:00,Hyderabad,453
2025-05-08 15:00:00,Hyderabad,349
2025-05-08 16:00:00,Hyderabad,372
2025-05-08 17:00:00,Hyderabad,466
2025-05-08 18:00:00,Hyderabad,584
2025-05-08 19:00:00,Hyderabad,344
2025-05-08 20:00:00,Hyderabad,716
2025-05-08 21:00:00,Hyderabad,648
2025-05-08 22:00:00,Hyderabad,490
2025-05-08 23:00:00,Hyderabad,553
2025-05-09 00:00:00,Hyderabad,465
2025-05-09 01:00:00,Hyderabad,555
2025-05-09 02:00:00,Hyderabad,453
2025-05-09 03:00:00,Hyderabad,581
2025-05-09 04:00:00,Hyderabad,714
2025-05-09 05:00:00,Hyderabad,408
2025-05-09 06:00:00,Hyderabad,592
2025-05-09 07:00:00,Hyderabad,488
2025-05-09 08:00:00,Hyderabad,674
2025-05-09 09:00:00,Hyderabad,777
2025-05-09 10:00:00,Hyderabad,538
2025-05-09 11:00:00,Hyderabad,698
2025-05-09 12:00:00,Hyderabad,438
2025-05-09 13:00:00,Hyderabad,736
2025-05-09 14:00:00,Hyderabad,456
2025-05-09 15:00:00,Hyderabad,313
2025-05-09 16:00:00,Hyderabad,578
2025-05-09 17:00:00,Hyderabad,658
2025-05-09 18:00:00,Hyderabad,313
2025-05-09 19:00:00,Hyderabad,706
2025-05-09 20:00:00,Hyderabad,544
2025-05-09 21:00:00,Hyderabad,446
2025-05-09 22:00:00,Hyderabad,655
2025-05-09 23:00:00,Hyderabad,307
2025-05-10 00:00:00,Hyderabad,437
2025-05-10 01:00:00,Hyderabad,636
2025-05-10 02:00:00,Hyderabad,525
2025-05-10 03:00:00,Hyderabad,539
2025-05-10 04:00:00,Hyderabad,374
2025-05-10 05:00:00,Hyderabad,566
2025-05-10 06:00:00,Hyderabad,528
2025-05-10 07:00:00,Hyderabad,425
2025-05-10 08:00:00,Hyderabad,511
2025-05-10 09:00:00,Hyderabad,703
2025-05-10 10:00:00,Hyderabad,719
2025-05-10 11:00:00,Hyderabad,671
2025-05-10 12:00:00,Hyderabad,758
2025-05-10 13:00:00,Hyderabad,747
2025-05-10 14:00:00,Hyderabad,564
2025-05-10 15:00:00,Hyderabad,556
2025-05-10 16:00:00,Hyderabad,710
2025-05-10 17:00:00,Hyderabad,651
2025-05-10 18:00:00,Hyderabad,628
2025-05-10 19:00:00,Hyderabad,799
2025-05-10 20:00:00,Hyderabad,647
2025-05-10 21:00:00,Hyderabad,421
2025-05-10 22:00:00,Hyderabad,533
2025-05-10 23:00:00,Hyderabad,457
2025-05-11 00:00:00,Hyderabad,430
2025-05-11 01:00:00,Hyderabad,735
2025-05-11 02:00:00,Hyderabad,771
2025-05-11 03:00:00,Hyderabad,675
2025-05-11 04:00:00,Hyderabad,482
2025-05-11 05:00:00,Hyderabad,731
2025-05-11 06:00:00,Hyderabad,564
2025-05-11 07:00:00,Hyderabad,571
2025-05-11 08:00:00,Hyderabad,600
2025-05-11 09:00:00,Hyderabad,347
2025-05-11 10:00:00,Hyderabad,699
2025-05-11 11:00:00,Hyderabad,564
2025-05-11 12:00:00,Hyderabad,371
2025-05-11 13:00:00,Hyderabad,576
2025-05-11 14:00:00,Hyderabad,665
2025-05-11 15:00:00,Hyderabad,361
2025-05-11 16:00:00,Hyderabad,502
2025-05-11 17:00:00,Hyderabad,482
2025-05-11 18:00:00,Hyderabad,731
2025-05-11 19:00:00,Hyderabad,653
2025-05-11 20:00:00,Hyderabad,366
2025-05-11 21:00:00,Hyderabad,636
2025-05-11 22:00:00,Hyderabad,531
2025-05-11 23:00:00,Hyderabad,491
2025-05-12 00:00:00,Hyderabad,491
2025-05-12 01:00:00,Hyderabad,656
2025-05-12 02:00:00,Hyderabad,584
2025-05-12 03:00:00,Hyderabad,711
2025-05-12 04:00:00,Hyderabad,510
2025-05-12 05:00:00,Hyderabad,706
2025-05-12 06:00:00,Hyderabad,607
2025-05-12 07:00:00,Hyderabad,463
2025-05-12 08:00:00,Hyderabad,738
2025-05-12 09:00:00,Hyderabad,762
2025-05-12 10:00:00,Hyderabad,321
2025-05-12 11:00:00,Hyderabad,472
2025-05-12 12:00:00,Hyderabad,452
2025-05-12 13:00:00,Hyderabad,770
2025-05-12 14:00:00,Hyderabad,647
2025-05-12 15:00:00,Hyderabad,499
2025-05-12 16:00:00,Hyderabad,540
2025-05-12 17:00:00,Hyderabad,620
2025-05-12 18:00:00,Hyderabad,477
2025-05-12 19:00:00,Hyderabad,733
2025-05-12 20:00:00,Hyderabad,474
2025-05-12 21:00:00,Hyderabad,307
2025-05-12 22:00:00,Hyderabad,531
2025-05-12 23:00:00,Hyderabad,464
2025-05-13 00:00:00,Hyderabad,376
2025-05-13 01:00:00,Hyderabad,539
2025-05-13 02:00:00,Hyderabad,570
2025-05-13 03:00:00,Hyderabad,461
2025-05-13 04:00:00,Hyderabad,417
2025-05-13 05:00:00,Hyderabad,449
2025-05-13 06:00:00,Hyderabad,751
2025-05-13 07:00:00,Hyderabad,717
2025-05-13 08:00:00,Hyderabad,550
2025-05-13 09:00:00,Hyderabad,338
2025-05-13 10:00:00,Hyderabad,595
2025-05-13 11:00:00,Hyderabad,507
2025-05-13 12:00:00,Hyderabad,628
2025-05-13 13:00:00,Hyderabad,688
2025-05-13 14:00:00,Hyderabad,439
2025-05-13 15:00:00,Hyderabad,491
2025-05-13 16:00:00,Hyderabad,619
2025-05-13 17:00:00,Hyderabad,310
2025-05-13 18:00:00,Hyderabad,560
2025-05-13 19:00:00,Hyderabad,445
2025-05-13 20:00:00,Hyderabad,791
2025-05-13 21:00:00,Hyderabad,782
2025-05-13 22:00:00,Hyderabad,307
2025-05-13 23:00:00,Hyderabad,499
2025-05-14 00:00:00,Hyderabad,359
2025-05-14 01:00:00,Hyderabad,368
2025-05-14 02:00:00,Hyderabad,447
2025-05-14 03:00:00,Hyderabad,637
2025-05-14 04:00:00,Hyderabad,648
2025-05-14 05:00:00,Hyderabad,612
2025-05-14 06:00:00,Hyderabad,419
2025-05-14 07:00:00,Hyderabad,384
2025-05-14 08:00:00,Hyderabad,600
2025-05-14 09:00:00,Hyderabad,552
2025-05-14 10:00:00,Hyderabad,720
2025-05-14 11:00:00,Hyderabad,304
2025-05-14 12:00:00,Hyderabad,600
2025-05-14 13:00:00,Hyderabad,491
2025-05-14 14:00:00,Hyderabad,726
2025-05-14 15:00:00,Hyderabad,667
2025-05-14 16:00:00,Hyderabad,407
2025-05-14 17:00:00,Hyderabad,652
2025-05-14 18:00:00,Hyderabad,478
2025-05-14 19:00:00,Hyderabad,753
2025-05-14 20:00:00,Hyderabad,733
2025-05-14 21:00:00,Hyderabad,629
2025-05-14 22:00:00,Hyderabad,326
2025-05-14 23:00:00,Hyderabad,448
2025-05-15 00:00:00,Hyderabad,534
2025-05-15 01:00:00,Hyderabad,416
2025-05-15 02:00:00,Hyderabad,542
2025-05-15 03:00:00,Hyderabad,438
2025-05-15 04:00:00,Hyderabad,355
2025-05-15 05:00:00,Hyderabad,308
2025-05-15 06:00:00,Hyderabad,445
2025-05-15 07:00:00,Hyderabad,483
2025-05-15 08:00:00,Hyderabad,616
2025-05-15 09:00:00,Hyderabad,436
2025-05-15 10:00:00,Hyderabad,764
2025-05-15 11:00:00,Hyderabad,748
2025-05-15 12:00:00,Hyderabad,314
2025-05-15 13:00:00,Hyderabad,624
2025-05-15 14:00:00,Hyderabad,338
2025-05-15 15:00:00,Hyderabad,439
2025-05-15 16:00:00,Hyderabad,640
2025-05-15 17:00:00,Hyderabad,672
2025-05-15 18:00:00,Hyderabad,482
2025-05-15 19:00:00,Hyderabad,394
2025-05-15 20:00:00,Hyderabad,706
2025-05-15 21:00:00,Hyderabad,687
2025-05-15 22:00:00,Hyderabad,525
2025-05-15 23:00:00,Hyderabad,307
2025-05-16 00:00:00,Hyderabad,475
2025-05-16 01:00:00,Hyderabad,459
2025-05-16 02:00:00,Hyderabad,563
2025-05-16 03:00:00,Hyderabad,479
2025-05-16 04:00:00,Hyderabad,565
2025-05-16 05:00:00,Hyderabad,459
2025-05-16 06:00:00,Hyderabad,642
2025-05-16 07:00:00,Hyderabad,442
2025-05-16 08:00:00,Hyderabad,660
2025-05-16 09:00:00,Hyderabad,436
2025-05-16 10:00:00,Hyderabad,676
2025-05-16 11:00:00,Hyderabad,462
2025-05-16 12:00:00,Hyderabad,341
2025-05-16 13:00:00,Hyderabad,665
2025-05-16 14:00:00,Hyderabad,427
2025-05-16 15:00:00,Hyderabad,740
2025-05-16 16:00:00,Hyderabad,738
2025-05-16 17:00:00,Hyderabad,599
2025-05-16 18:00:00,Hyderabad,464
2025-05-16 19:00:00,Hyderabad,347
2025-05-16 20:00:00,Hyderabad,702
2025-05-16 21:00:00,Hyderabad,679
2025-05-16 22:00:00,Hyderabad,330
2025-05-16 23:00:00,Hyderabad,420
2025-05-17 00:00:00,Hyderabad,514
2025-05-17 01:00:00,Hyderabad,730
2025-05-17 02:00:00,Hyderabad,707
2025-05-17 03:00:00,Hyderabad,623
2025-05-17 04:00:00,Hyderabad,670
2025-05-17 05:00:00,Hyderabad,689
2025-05-17 06:00:00,Hyderabad,579
2025-05-17 07:00:00,Hyderabad,525
2025-05-17 08:00:00,Hyderabad,367
2025-05-17 09:00:00,Hyderabad,452
2025-05-17 10:00:00,Hyderabad,404
2025-05-17 11:00:00,Hyderabad,676
2025-05-17 12:00:00,Hyderabad,463
2025-05-17 13:00:00,Hyderabad,522
2025-05-17 14:00:00,Hyderabad,326
2025-05-17 15:00:00,Hyderabad,572
2025-05-17 16:00:00,Hyderabad,356
2025-05-17 17:00:00,Hyderabad,770
2025-05-17 18:00:00,Hyderabad,782
2025-05-17 19:00:00,Hyderabad,613
2025-05-17 20:00:00,Hyderabad,438
2025-05-17 21:00:00,Hyderabad,446
2025-05-17 22:00:00,Hyderabad,460
2025-05-17 23:00:00,Hyderabad,614
2025-05-18 00:00:00,Hyderabad,769
2025-05-18 01:00:00,Hyderabad,566
2025-05-18 02:00:00,Hyderabad,589
2025-05-18 03:00:00,Hyderabad,349
2025-05-18 04:00:00,Hyderabad,555
2025-05-18 05:00:00,Hyderabad,375
2025-05-18 06:00:00,Hyderabad,615
2025-05-18 07:00:00,Hyderabad,590
2025-05-18 08:00:00,Hyderabad,630
2025-05-18 09:00:00,Hyderabad,508
2025-05-18 10:00:00,Hyderabad,542
2025-05-18 11:00:00,Hyderabad,517
2025-05-18 12:00:00,Hyderabad,722
2025-05-18 13:00:00,Hyderabad,602
2025-05-18 14:00:00,Hyderabad,695
2025-05-18 15:00:00,Hyderabad,768
2025-05-18 16:00:00,Hyderabad,715
2025-05-18 17:00:00,Hyderabad,321
2025-05-18 18:00:00,Hyderabad,545
2025-05-18 19:00:00,Hyderabad,489
2025-05-18 20:00:00,Hyderabad,657
2025-05-18 21:00:00,Hyderabad,407
2025-05-18 22:00:00,Hyderabad,764
2025-05-18 23:00:00,Hyderabad,401
2025-05-19 00:00:00,Hyderabad,738
2025-05-19 01:00:00,Hyderabad,648
2025-05-19 02:00:00,Hyderabad,645
2025-05-19 03:00:00,Hyderabad,490
2025-05-19 04:00:00,Hyderabad,776
2025-05-19 05:00:00,Hyderabad,559
2025-05-19 06:00:00,Hyderabad,543
2025-05-19 07:00:00,Hyderabad,784
2025-05-19 08:00:00,Hyderabad,336
2025-05-19 09:00:00,Hyderabad,706
2025-05-19 10:00:00,Hyderabad,612
2025-05-19 11:00:00,Hyderabad,520
2025-05-19 12:00:00,Hyderabad,743
2025-05-19 13:00:00,Hyderabad,371
2025-05-19 14:00:00,Hyderabad,474
2025-05-19 15:00:00,Hyderabad,413
2025-05-19 16:00:00,Hyderabad,361
2025-05-19 17:00:00,Hyderabad,398
2025-05-19 18:00:00,Hyderabad,630
2025-05-19 19:00:00,Hyderabad,535
2025-05-19 20:00:00,Hyderabad,738
2025-05-19 21:00:00,Hyderabad,589
2025-05-19 22:00:00,Hyderabad,635
2025-05-19 23:00:00,Hyderabad,689
2025-05-20 00:00:00,Hyderabad,619
2025-05-20 01:00:00,Hyderabad,710
2025-05-20 02:00:00,Hyderabad,439
2025-05-20 03:00:00,Hyderabad,486
2025-05-20 04:00:00,Hyderabad,764
2025-05-20 05:00:00,Hyderabad,551
2025-05-20 06:00:00,Hyderabad,714
2025-05-20 07:00:00,Hyderabad,443
2025-05-20 08:00:00,Hyderabad,570
2025-05-20 09:00:00,Hyderabad,759
2025-05-20 10:00:00,Hyderabad,461
2025-05-20 11:00:00,Hyderabad,557
2025-05-20 12:00:00,Hyderabad,585
2025-05-20 13:00:00,Hyderabad,352
2025-05-20 14:00:00,Hyderabad,434
2025-05-20 15:00:00,Hyderabad,488
2025-05-20 16:00:00,Hyderabad,604
2025-05-20 17:00:00,Hyderabad,338
2025-05-20 18:00:00,Hyderabad,594
2025-05-20 19:00:00,Hyderabad,469
2025-05-20 20:00:00,Hyderabad,344
2025-05-20 21:00:00,Hyderabad,307
2025-05-20 22:00:00,Hyderabad,486
2025-05-20 23:00:00,Hyderabad,738
2025-05-21 00:00:00,Hyderabad,684
2025-05-21 01:00:00,Hyderabad,393
2025-05-21 02:00:00,Hyderabad,610
2025-05-21 03:00:00,Hyderabad,687
2025-05-21 04:00:00,Hyderabad,700
2025-05-21 05:00:00,Hyderabad,711
2025-05-21 06:00:00,Hyderabad,668
2025-05-21 07:00:00,Hyderabad,421
2025-05-21 08:00:00,Hyderabad,466
2025-05-21 09:00:00,Hyderabad,661
2025-05-21 10:00:00,Hyderabad,680
2025-05-21 11:00:00,Hyderabad,511
2025-05-21 12:00:00,Hyderabad,625
2025-05-21 13:00:00,Hyderabad,532
2025-05-21 14:00:00,Hyderabad,539
2025-05-21 15:00:00,Hyderabad,311
2025-05-21 16:00:00,Hyderabad,776
2025-05-21 17:00:00,Hyderabad,518
2025-05-21 18:00:00,Hyderabad,647
2025-05-21 19:00:00,Hyderabad,667
2025-05-21 20:00:00,Hyderabad,475
2025-05-21 21:00:00,Hyderabad,377
2025-05-21 22:00:00,Hyderabad,732
2025-05-21 23:00:00,Hyderabad,525
2025-05-22 00:00:00,Hyderabad,379
2025-05-22 01:00:00,Hyderabad,775
2025-05-22 02:00:00,Hyderabad,324
2025-05-22 03:00:00,Hyderabad,651
2025-05-22 04:00:00,Hyderabad,391
2025-05-22 05:00:00,Hyderabad,730
2025-05-22 06:00:00,Hyderabad,421
2025-05-22 07:00:00,Hyderabad,501
2025-05-22 08:00:00,Hyderabad,689
2025-05-22 09:00:00,Hyderabad,777
2025-05-22 10:00:00,Hyderabad,382
2025-05-22 11:00:00,Hyderabad,708
2025-05-22 12:00:00,Hyderabad,770
2025-05-22 13:00:00,Hyderabad,632
2025-05-22 14:00:00,Hyderabad,680
2025-05-22 15:00:00,Hyderabad,377
2025-05-22 16:00:00,Hyderabad,650
2025-05-22 17:00:00,Hyderabad,460
2025-05-22 18:00:00,Hyderabad,669
2025-05-22 19:00:00,Hyderabad,437
2025-05-22 20:00:00,Hyderabad,373
2025-05-22 21:00:00,Hyderabad,396
2025-05-22 22:00:00,Hyderabad,676
2025-05-22 23:00:00,Hyderabad,519
2025-05-23 00:00:00,Hyderabad,742
2025-05-23 01:00:00,Hyderabad,549
2025-05-23 02:00:00,Hyderabad,584
2025-05-23 03:00:00,Hyderabad,798
2025-05-23 04:00:00,Hyderabad,492
2025-05-23 05:00:00,Hyderabad,439
2025-05-23 06:00:00,Hyderabad,336
2025-05-23 07:00:00,Hyderabad,583
2025-05-23 08:00:00,Hyderabad,442
2025-05-23 09:00:00,Hyderabad,501
2025-05-23 10:00:00,Hyderabad,462
2025-05-23 11:00:00,Hyderabad,607
2025-05-23 12:00:00,Hyderabad,418
2025-05-23 13:00:00,Hyderabad,300
2025-05-23 14:00:00,Hyderabad,397
2025-05-23 15:00:00,Hyderabad,426
2025-05-23 16:00:00,Hyderabad,619
2025-05-23 17:00:00,Hyderabad,510
2025-05-23 18:00:00,Hyderabad,705
2025-05-23 19:00:00,Hyderabad,640
2025-05-23 20:00:00,Hyderabad,361
2025-05-23 21:00:00,Hyderabad,683
2025-05-23 22:00:00,Hyderabad,370
2025-05-23 23:00:00,Hyderabad,307
2025-05-24 00:00:00,Hyderabad,358
2025-05-24 01:00:00,Hyderabad,787
2025-05-24 02:00:00,Hyderabad,652
2025-05-24 03:00:00,Hyderabad,693
2025-05-24 04:00:00,Hyderabad,452
2025-05-24 05:00:00,Hyderabad,490
2025-05-24 06:00:00,Hyderabad,478
2025-05-24 07:00:00,Hyderabad,557
2025-05-24 08:00:00,Hyderabad,479
2025-05-24 09:00:00,Hyderabad,604
2025-05-24 10:00:00,Hyderabad,438
2025-05-24 11:00:00,Hyderabad,369
2025-05-24 12:00:00,Hyderabad,442
2025-05-24 13:00:00,Hyderabad,572
2025-05-24 14:00:00,Hyderabad,324
2025-05-24 15:00:00,Hyderabad,470
2025-05-24 16:00:00,Hyderabad,718
2025-05-24 17:00:00,Hyderabad,702
2025-05-24 18:00:00,Hyderabad,576
2025-05-24 19:00:00,Hyderabad,729
2025-05-24 20:00:00,Hyderabad,426
2025-05-24 21:00:00,Hyderabad,785
2025-05-24 22:00:00,Hyderabad,780
2025-05-24 23:00:00,Hyderabad,400
2025-05-25 00:00:00,Hyderabad,472
2025-05-25 01:00:00,Hyderabad,726
2025-05-25 02:00:00,Hyderabad,316
2025-05-25 03:00:00,Hyderabad,450
2025-05-25 04:00:00,Hyderabad,422
2025-05-25 05:00:00,Hyderabad,367
2025-05-25 06:00:00,Hyderabad,613
2025-05-25 07:00:00,Hyderabad,457
2025-05-25 08:00:00,Hyderabad,385
2025-05-25 09:00:00,Hyderabad,382
2025-05-25 10:00:00,Hyderabad,581
2025-05-25 11:00:00,Hyderabad,564
2025-05-25 12:00:00,Hyderabad,588
2025-05-25 13:00:00,Hyderabad,533
2025-05-25 14:00:00,Hyderabad,792
2025-05-25 15:00:00,Hyderabad,407
2025-05-25 16:00:00,Hyderabad,461
2025-05-25 17:00:00,Hyderabad,647
2025-05-25 18:00:00,Hyderabad,741
2025-05-25 19:00:00,Hyderabad,507
2025-05-25 20:00:00,Hyderabad,394
2025-05-25 21:00:00,Hyderabad,322
2025-05-25 22:00:00,Hyderabad,487
2025-05-25 23:00:00,Hyderabad,713
2025-05-26 00:00:00,Hyderabad,750
2025-05-26 01:00:00,Hyderabad,511
2025-05-26 02:00:00,Hyderabad,678
2025-05-26 03:00:00,Hyderabad,716
2025-05-26 04:00:00,Hyderabad,742
2025-05-26 05:00:00,Hyderabad,601
2025-05-26 06:00:00,Hyderabad,618
2025-05-26 07:00:00,Hyderabad,723
2025-05-26 08:00:00,Hyderabad,335
2025-05-26 09:00:00,Hyderabad,466
2025-05-26 10:00:00,Hyderabad,699
2025-05-26 11:00:00,Hyderabad,566
2025-05-26 12:00:00,Hyderabad,504
2025-05-26 13:00:00,Hyderabad,495
2025-05-26 14:00:00,Hyderabad,632
2025-05-26 15:00:00,Hyderabad,769
2025-05-26 16:00:00,Hyderabad,364
2025-05-26 17:00:00,Hyderabad,516
2025-05-26 18:00:00,Hyderabad,393
2025-05-26 19:00:00,Hyderabad,772
2025-05-26 20:00:00,Hyderabad,553
2025-05-26 21:00:00,Hyderabad,353
2025-05-26 22:00:00,Hyderabad,732
2025-05-26 23:00:00,Hyderabad,717
2025-05-27 00:00:00,Hyderabad,337
2025-05-27 01:00:00,Hyderabad,452
2025-05-27 02:00:00,Hyderabad,706
2025-05-27 03:00:00,Hyderabad,403
2025-05-27 04:00:00,Hyderabad,373
2025-05-27 05:00:00,Hyderabad,575
2025-05-27 06:00:00,Hyderabad,348
2025-05-27 07:00:00,Hyderabad,452
2025-05-27 08:00:00,Hyderabad,454
2025-05-27 09:00:00,Hyderabad,789
2025-05-27 10:00:00,Hyderabad,383
2025-05-27 11:00:00,Hyderabad,724
2025-05-27 12:00:00,Hyderabad,636
2025-05-27 13:00:00,Hyderabad,506
2025-05-27 14:00:00,Hyderabad,707
2025-05-27 15:00:00,Hyderabad,632
2025-05-27 16:00:00,Hyderabad,629
2025-05-27 17:00:00,Hyderabad,731
2025-05-27 18:00:00,Hyderabad,493
2025-05-27 19:00:00,Hyderabad,778
2025-05-27 20:00:00,Hyderabad,743
2025-05-27 21:00:00,Hyderabad,344
2025-05-27 22:00:00,Hyderabad,620
2025-05-27 23:00:00,Hyderabad,510
2025-05-28 00:00:00,Hyderabad,585
2025-05-28 01:00:00,Hyderabad,772
2025-05-28 02:00:00,Hyderabad,769
2025-05-28 03:00:00,Hyderabad,358
2025-05-28 04:00:00,Hyderabad,319
2025-05-28 05:00:00,Hyderabad,722
2025-05-28 06:00:00,Hyderabad,797
2025-05-28 07:00:00,Hyderabad,604
2025-05-28 08:00:00,Hyderabad,665
2025-05-28 09:00:00,Hyderabad,445
2025-05-28 10:00:00,Hyderabad,308
2025-05-28 11:00:00,Hyderabad,544
2025-05-28 12:00:00,Hyderabad,798
2025-05-28 13:00:00,Hyderabad,737
2025-05-28 14:00:00,Hyderabad,623
2025-05-28 15:00:00,Hyderabad,446
2025-05-28 16:00:00,Hyderabad,714
2025-05-28 17:00:00,Hyderabad,660
2025-05-28 18:00:00,Hyderabad,395
2025-05-28 19:00:00,Hyderabad,637
2025-05-28 20:00:00,Hyderabad,319
2025-05-28 21:00:00,Hyderabad,583
2025-05-28 22:00:00,Hyderabad,769
2025-05-28 23:00:00,Hyderabad,683
2025-05-29 00:00:00,Hyderabad,625
2025-05-29 01:00:00,Hyderabad,654
2025-05-29 02:00:00,Hyderabad,477
2025-05-29 03:00:00,Hyderabad,569
2025-05-29 04:00:00,Hyderabad,679
2025-05-29 05:00:00,Hyderabad,653
2025-05-29 06:00:00,Hyderabad,439
2025-05-29 07:00:00,Hyderabad,371
2025-05-29 08:00:00,Hyderabad,465
2025-05-29 09:00:00,Hyderabad,649
2025-05-29 10:00:00,Hyderabad,303
2025-05-29 11:00:00,Hyderabad,741
2025-05-29 12:00:00,Hyderabad,754
2025-05-29 13:00:00,Hyderabad,433
2025-05-29 14:00:00,Hyderabad,697
2025-05-29 15:00:00,Hyderabad,491
2025-05-29 16:00:00,Hyderabad,655
2025-05-29 17:00:00,Hyderabad,426
2025-05-29 18:00:00,Hyderabad,309
2025-05-29 19:00:00,Hyderabad,654
2025-05-29 20:00:00,Hyderabad,383
2025-05-29 21:00:00,Hyderabad,488
2025-05-29 22:00:00,Hyderabad,794
2025-05-29 23:00:00,Hyderabad,568
2025-05-30 00:00:00,Hyderabad,327
2025-05-01 00:00:00,Chennai,697
2025-05-01 01:00:00,Chennai,362
2025-05-01 02:00:00,Chennai,582
2025-05-01 03:00:00,Chennai,317
2025-05-01 04:00:00,Chennai,394
2025-05-01 05:00:00,Chennai,694
2025-05-01 06:00:00,Chennai,557
2025-05-01 07:00:00,Chennai,669
2025-05-01 08:00:00,Chennai,489
2025-05-01 09:00:00,Chennai,608
2025-05-01 10:00:00,Chennai,564
2025-05-01 11:00:00,Chennai,526
2025-05-01 12:00:00,Chennai,413
2025-05-01 13:00:00,Chennai,643
2025-05-01 14:00:00,Chennai,610
2025-05-01 15:00:00,Chennai,363
2025-05-01 16:00:00,Chennai,370
2025-05-01 17:00:00,Chennai,616
2025-05-01 18:00:00,Chennai,748
2025-05-01 19:00:00,Chennai,611
2025-05-01 20:00:00,Chennai,362
2025-05-01 21:00:00,Chennai,761
2025-05-01 22:00:00,Chennai,385
2025-05-01 23:00:00,Chennai,451
2025-05-02 00:00:00,Chennai,337
2025-05-02 01:00:00,Chennai,406
2025-05-02 02:00:00,Chennai,784
2025-05-02 03:00:00,Chennai,432
2025-05-02 04:00:00,Chennai,330
2025-05-02 05:00:00,Chennai,336
2025-05-02 06:00:00,Chennai,415
2025-05-02 07:00:00,Chennai,568
2025-05-02 08:00:00,Chennai,602
2025-05-02 09:00:00,Chennai,448
2025-05-02 10:00:00,Chennai,431
2025-05-02 11:00:00,Chennai,656
2025-05-02 12:00:00,Chennai,353
2025-05-02 13:00:00,Chennai,782
2025-05-02 14:00:00,Chennai,449
2025-05-02 15:00:00,Chennai,782
2025-05-02 16:00:00,Chennai,511
2025-05-02 17:00:00,Chennai,505
2025-05-02 18:00:00,Chennai,516
2025-05-02 19:00:00,Chennai,494
2025-05-02 20:00:00,Chennai,464
2025-05-02 21:00:00,Chennai,799
2025-05-02 22:00:00,Chennai,751
2025-05-02 23:00:00,Chennai,402
2025-05-03 00:00:00,Chennai,649
2025-05-03 01:00:00,Chennai,777
2025-05-03 02:00:00,Chennai,369
2025-05-03 03:00:00,Chennai,387
2025-05-03 04:00:00,Chennai,520
2025-05-03 05:00:00,Chennai,364
2025-05-03 06:00:00,Chennai,562
2025-05-03 07:00:00,Chennai,594
2025-05-03 08:00:00,Chennai,441
2025-05-03 09:00:00,Chennai,393
2025-05-03 10:00:00,Chennai,563
2025-05-03 11:00:00,Chennai,635
2025-05-03 12:00:00,Chennai,371
2025-05-03 13:00:00,Chennai,539
2025-05-03 14:00:00,Chennai,534
2025-05-03 15:00:00,Chennai,789
2025-05-03 16:00:00,Chennai,457
2025-05-03 17:00:00,Chennai,636
2025-05-03 18:00:00,Chennai,316
2025-05-03 19:00:00,Chennai,351
2025-05-03 20:00:00,Chennai,757
2025-05-03 21:00:00,Chennai,426
2025-05-03 22:00:00,Chennai,473
2025-05-03 23:00:00,Chennai,697
2025-05-04 00:00:00,Chennai,412
2025-05-04 01:00:00,Chennai,705
2025-05-04 02:00:00,Chennai,786
2025-05-04 03:00:00,Chennai,726
2025-05-04 04:00:00,Chennai,442
2025-05-04 05:00:00,Chennai,369
2025-05-04 06:00:00,Chennai,669
2025-05-04 07:00:00,Chennai,507
2025-05-04 08:00:00,Chennai,353
2025-05-04 09:00:00,Chennai,480
2025-05-04 10:00:00,Chennai,387
2025-05-04 11:00:00,Chennai,745
2025-05-04 12:00:00,Chennai,719
2025-05-04 13:00:00,Chennai,466
2025-05-04 14:00:00,Chennai,356
2025-05-04 15:00:00,Chennai,529
2025-05-04 16:00:00,Chennai,531
2025-05-04 17:00:00,Chennai,472
2025-05-04 18:00:00,Chennai,643
2025-05-04 19:00:00,Chennai,753
2025-05-04 20:00:00,Chennai,756
2025-05-04 21:00:00,Chennai,606
2025-05-04 22:00:00,Chennai,450
2025-05-04 23:00:00,Chennai,753
2025-05-05 00:00:00,Chennai,633
2025-05-05 01:00:00,Chennai,504
2025-05-05 02:00:00,Chennai,438
2025-05-05 03:00:00,Chennai,501
2025-05-05 04:00:00,Chennai,477
2025-05-05 05:00:00,Chennai,342
2025-05-05 06:00:00,Chennai,700
2025-05-05 07:00:00,Chennai,587
2025-05-05 08:00:00,Chennai,766
2025-05-05 09:00:00,Chennai,308
2025-05-05 10:00:00,Chennai,441
2025-05-05 11:00:00,Chennai,326
2025-05-05 12:00:00,Chennai,723
2025-05-05 13:00:00,Chennai,709
2025-05-05 14:00:00,Chennai,739
2025-05-05 15:00:00,Chennai,614
2025-05-05 16:00:00,Chennai,799
2025-05-05 17:00:00,Chennai,399
2025-05-05 18:00:00,Chennai,691
2025-05-05 19:00:00,Chennai,419
2025-05-05 20:00:00,Chennai,334
2025-05-05 21:00:00,Chennai,769
2025-05-05 22:00:00,Chennai,395
2025-05-05 23:00:00,Chennai,348
2025-05-06 00:00:00,Chennai,710
2025-05-06 01:00:00,Chennai,664
2025-05-06 02:00:00,Chennai,332
2025-05-06 03:00:00,Chennai,635
2025-05-06 04:00:00,Chennai,617
2025-05-06 05:00:00,Chennai,464
2025-05-06 06:00:00,Chennai,434
2025-05-06 07:00:00,Chennai,462
2025-05-06 08:00:00,Chennai,547
2025-05-06 09:00:00,Chennai,630
2025-05-06 10:00:00,Chennai,702
2025-05-06 11:00:00,Chennai,623
2025-05-06 12:00:00,Chennai,772
2025-05-06 13:00:00,Chennai,712
2025-05-06 14:00:00,Chennai,558
2025-05-06 15:00:00,Chennai,633
2025-05-06 16:00:00,Chennai,558
2025-05-06 17:00:00,Chennai,344
2025-05-06 18:00:00,Chennai,639
2025-05-06 19:00:00,Chennai,464
2025-05-06 20:00:00,Chennai,353
2025-05-06 21:00:00,Chennai,770
2025-05-06 22:00:00,Chennai,513
2025-05-06 23:00:00,Chennai,574
2025-05-07 00:00:00,Chennai,658
2025-05-07 01:00:00,Chennai,394
2025-05-07 02:00:00,Chennai,434
2025-05-07 03:00:00,Chennai,657
2025-05-07 04:00:00,Chennai,392
2025-05-07 05:00:00,Chennai,365
2025-05-07 06:00:00,Chennai,646
2025-05-07 07:00:00,Chennai,665
2025-05-07 08:00:00,Chennai,711
2025-05-07 09:00:00,Chennai,304
2025-05-07 10:00:00,Chennai,576
2025-05-07 11:00:00,Chennai,636
2025-05-07 12:00:00,Chennai,428
2025-05-07 13:00:00,Chennai,312
2025-05-07 14:00:00,Chennai,395
2025-05-07 15:00:00,Chennai,598
2025-05-07 16:00:00,Chennai,315
2025-05-07 17:00:00,Chennai,437
2025-05-07 18:00:00,Chennai,664
2025-05-07 19:00:00,Chennai,397
2025-05-07 20:00:00,Chennai,480
2025-05-07 21:00:00,Chennai,489
2025-05-07 22:00:00,Chennai,625
2025-05-07 23:00:00,Chennai,763
2025-05-08 00:00:00,Chennai,568
2025-05-08 01:00:00,Chennai,585
2025-05-08 02:00:00,Chennai,496
2025-05-08 03:00:00,Chennai,440
2025-05-08 04:00:00,Chennai,303
2025-05-08 05:00:00,Chennai,467
2025-05-08 06:00:00,Chennai,490
2025-05-08 07:00:00,Chennai,685
2025-05-08 08:00:00,Chennai,633
2025-05-08 09:00:00,Chennai,742
2025-05-08 10:00:00,Chennai,603
2025-05-08 11:00:00,Chennai,336
2025-05-08 12:00:00,Chennai,761
2025-05-08 13:00:00,Chennai,690
2025-05-08 14:00:00,Chennai,514
2025-05-08 15:00:00,Chennai,763
2025-05-08 16:00:00,Chennai,656
2025-05-08 17:00:00,Chennai,655
2025-05-08 18:00:00,Chennai,323
2025-05-08 19:00:00,Chennai,794
2025-05-08 20:00:00,Chennai,679
2025-05-08 21:00:00,Chennai,335
2025-05-08 22:00:00,Chennai,469
2025-05-08 23:00:00,Chennai,434
2025-05-09 00:00:00,Chennai,771
2025-05-09 01:00:00,Chennai,608
2025-05-09 02:00:00,Chennai,729
2025-05-09 03:00:00,Chennai,612
2025-05-09 04:00:00,Chennai,546
2025-05-09 05:00:00,Chennai,507
2025-05-09 06:00:00,Chennai,320
2025-05-09 07:00:00,Chennai,330
2025-05-09 08:00:00,Chennai,759
2025-05-09 09:00:00,Chennai,425
2025-05-09 10:00:00,Chennai,683
2025-05-09 11:00:00,Chennai,456
2025-05-09 12:00:00,Chennai,458
2025-05-09 13:00:00,Chennai,515
2025-05-09 14:00:00,Chennai,457
2025-05-09 15:00:00,Chennai,377
2025-05-09 16:00:00,Chennai,399
2025-05-09 17:00:00,Chennai,585
2025-05-09 18:00:00,Chennai,470
2025-05-09 19:00:00,Chennai,777
2025-05-09 20:00:00,Chennai,590
2025-05-09 21:00:00,Chennai,727
2025-05-09 22:00:00,Chennai,724
2025-05-09 23:00:00,Chennai,424
2025-05-10 00:00:00,Chennai,458
2025-05-10 01:00:00,Chennai,517
2025-05-10 02:00:00,Chennai,557
2025-05-10 03:00:00,Chennai,756
2025-05-10 04:00:00,Chennai,701
2025-05-10 05:00:00,Chennai,579
2025-05-10 06:00:00,Chennai,318
2025-05-10 07:00:00,Chennai,532
2025-05-10 08:00:00,Chennai,536
2025-05-10 09:00:00,Chennai,602
2025-05-10 10:00:00,Chennai,414
2025-05-10 11:00:00,Chennai,503
2025-05-10 12:00:00,Chennai,488
2025-05-10 13:00:00,Chennai,507
2025-05-10 14:00:00,Chennai,697
2025-05-10 15:00:00,Chennai,408
2025-05-10 16:00:00,Chennai,308
2025-05-10 17:00:00,Chennai,713
2025-05-10 18:00:00,Chennai,682
2025-05-10 19:00:00,Chennai,622
2025-05-10 20:00:00,Chennai,611
2025-05-10 21:00:00,Chennai,770
2025-05-10 22:00:00,Chennai,798
2025-05-10 23:00:00,Chennai,780
2025-05-11 00:00:00,Chennai,391
2025-05-11 01:00:00,Chennai,322
2025-05-11 02:00:00,Chennai,369
2025-05-11 03:00:00,Chennai,780
2025-05-11 04:00:00,Chennai,647
2025-05-11 05:00:00,Chennai,468
2025-05-11 06:00:00,Chennai,619
2025-05-11 07:00:00,Chennai,347
2025-05-11 08:00:00,Chennai,679
2025-05-11 09:00:00,Chennai,334
2025-05-11 10:00:00,Chennai,571
2025-05-11 11:00:00,Chennai,489
2025-05-11 12:00:00,Chennai,600
2025-05-11 13:00:00,Chennai,568
2025-05-11 14:00:00,Chennai,329
2025-05-11 15:00:00,Chennai,407
2025-05-11 16:00:00,Chennai,406
2025-05-11 17:00:00,Chennai,501
2025-05-11 18:00:00,Chennai,593
2025-05-11 19:00:00,Chennai,563
2025-05-11 20:00:00,Chennai,613
2025-05-11 21:00:00,Chennai,390
2025-05-11 22:00:00,Chennai,479
2025-05-11 23:00:00,Chennai,333
2025-05-12 00:00:00,Chennai,708
2025-05-12 01:00:00,Chennai,627
2025-05-12 02:00:00,Chennai,476
2025-05-12 03:00:00,Chennai,687
2025-05-12 04:00:00,Chennai,383
2025-05-12 05:00:00,Chennai,752
2025-05-12 06:00:00,Chennai,432
2025-05-12 07:00:00,Chennai,654
2025-05-12 08:00:00,Chennai,603
2025-05-12 09:00:00,Chennai,581
2025-05-12 10:00:00,Chennai,629
2025-05-12 11:00:00,Chennai,562
2025-05-12 12:00:00,Chennai,723
2025-05-12 13:00:00,Chennai,586
2025-05-12 14:00:00,Chennai,464
2025-05-12 15:00:00,Chennai,593
2025-05-12 16:00:00,Chennai,387
2025-05-12 17:00:00,Chennai,744
2025-05-12 18:00:00,Chennai,555
2025-05-12 19:00:00,Chennai,314
2025-05-12 20:00:00,Chennai,551
2025-05-12 21:00:00,Chennai,786
2025-05-12 22:00:00,Chennai,378
2025-05-12 23:00:00,Chennai,749
2025-05-13 00:00:00,Chennai,736
2025-05-13 01:00:00,Chennai,383
2025-05-13 02:00:00,Chennai,464
2025-05-13 03:00:00,Chennai,619
2025-05-13 04:00:00,Chennai,650
2025-05-13 05:00:00,Chennai,466
2025-05-13 06:00:00,Chennai,449
2025-05-13 07:00:00,Chennai,596
2025-05-13 08:00:00,Chennai,663
2025-05-13 09:00:00,Chennai,608
2025-05-13 10:00:00,Chennai,476
2025-05-13 11:00:00,Chennai,494
2025-05-13 12:00:00,Chennai,593
2025-05-13 13:00:00,Chennai,340
2025-05-13 14:00:00,Chennai,536
2025-05-13 15:00:00,Chennai,619
2025-05-13 16:00:00,Chennai,777
2025-05-13 17:00:00,Chennai,656
2025-05-13 18:00:00,Chennai,700
2025-05-13 19:00:00,Chennai,747
2025-05-13 20:00:00,Chennai,431
2025-05-13 21:00:00,Chennai,754
2025-05-13 22:00:00,Chennai,761
2025-05-13 23:00:00,Chennai,404
2025-05-14 00:00:00,Chennai,319
2025-05-14 01:00:00,Chennai,581
2025-05-14 02:00:00,Chennai,619
2025-05-14 03:00:00,Chennai,569
2025-05-14 04:00:00,Chennai,651
2025-05-14 05:00:00,Chennai,697
2025-05-14 06:00:00,Chennai,770
2025-05-14 07:00:00,Chennai,698
2025-05-14 08:00:00,Chennai,598
2025-05-14 09:00:00,Chennai,749
2025-05-14 10:00:00,Chennai,335
2025-05-14 11:00:00,Chennai,318
2025-05-14 12:00:00,Chennai,488
2025-05-14 13:00:00,Chennai,745
2025-05-14 14:00:00,Chennai,724
2025-05-14 15:00:00,Chennai,500
2025-05-14 16:00:00,Chennai,730
2025-05-14 17:00:00,Chennai,677
2025-05-14 18:00:00,Chennai,419
2025-05-14 19:00:00,Chennai,638
2025-05-14 20:00:00,Chennai,698
2025-05-14 21:00:00,Chennai,444
2025-05-14 22:00:00,Chennai,477
2025-05-14 23:00:00,Chennai,351
2025-05-15 00:00:00,Chennai,410
2025-05-15 01:00:00,Chennai,337
2025-05-15 02:00:00,Chennai,598
2025-05-15 03:00:00,Chennai,356
2025-05-15 04:00:00,Chennai,778
2025-05-15 05:00:00,Chennai,648
2025-05-15 06:00:00,Chennai,515
2025-05-15 07:00:00,Chennai,391
2025-05-15 08:00:00,Chennai,571
2025-05-15 09:00:00,Chennai,582
2025-05-15 10:00:00,Chennai,512
2025-05-15 11:00:00,Chennai,793
2025-05-15 12:00:00,Chennai,537
2025-05-15 13:00:00,Chennai,474
2025-05-15 14:00:00,Chennai,563
2025-05-15 15:00:00,Chennai,546
2025-05-15 16:00:00,Chennai,705
2025-05-15 17:00:00,Chennai,693
2025-05-15 18:00:00,Chennai,546
2025-05-15 19:00:00,Chennai,671
2025-05-15 20:00:00,Chennai,516
2025-05-15 21:00:00,Chennai,329
2025-05-15 22:00:00,Chennai,542
2025-05-15 23:00:00,Chennai,470
2025-05-16 00:00:00,Chennai,344
2025-05-16 01:00:00,Chennai,570
2025-05-16 02:00:00,Chennai,307
2025-05-16 03:00:00,Chennai,670
2025-05-16 04:00:00,Chennai,548
2025-05-16 05:00:00,Chennai,350
2025-05-16 06:00:00,Chennai,686
2025-05-16 07:00:00,Chennai,769
2025-05-16 08:00:00,Chennai,543
2025-05-16 09:00:00,Chennai,472
2025-05-16 10:00:00,Chennai,369
2025-05-16 11:00:00,Chennai,728
2025-05-16 12:00:00,Chennai,486
2025-05-16 13:00:00,Chennai,409
2025-05-16 14:00:00,Chennai,683
2025-05-16 15:00:00,Chennai,653
2025-05-16 16:00:00,Chennai,363
2025-05-16 17:00:00,Chennai,656
2025-05-16 18:00:00,Chennai,768
2025-05-16 19:00:00,Chennai,508
2025-05-16 20:00:00,Chennai,745
2025-05-16 21:00:00,Chennai,797
2025-05-16 22:00:00,Chennai,591
2025-05-16 23:00:00,Chennai,737
2025-05-17 00:00:00,Chennai,592
2025-05-17 01:00:00,Chennai,378
2025-05-17 02:00:00,Chennai,689
2025-05-17 03:00:00,Chennai,648
2025-05-17 04:00:00,Chennai,692
2025-05-17 05:00:00,Chennai,329
2025-05-17 06:00:00,Chennai,655
2025-05-17 07:00:00,Chennai,450
2025-05-17 08:00:00,Chennai,423
2025-05-17 09:00:00,Chennai,684
2025-05-17 10:00:00,Chennai,731
2025-05-17 11:00:00,Chennai,456
2025-05-17 12:00:00,Chennai,699
2025-05-17 13:00:00,Chennai,786
2025-05-17 14:00:00,Chennai,400
2025-05-17 15:00:00,Chennai,760
2025-05-17 16:00:00,Chennai,570
2025-05-17 17:00:00,Chennai,799
2025-05-17 18:00:00,Chennai,733
2025-05-17 19:00:00,Chennai,678
2025-05-17 20:00:00,Chennai,441
2025-05-17 21:00:00,Chennai,415
2025-05-17 22:00:00,Chennai,776
2025-05-17 23:00:00,Chennai,681
2025-05-18 00:00:00,Chennai,406
2025-05-18 01:00:00,Chennai,391
2025-05-18 02:00:00,Chennai,407
2025-05-18 03:00:00,Chennai,326
2025-05-18 04:00:00,Chennai,616
2025-05-18 05:00:00,Chennai,377
2025-05-18 06:00:00,Chennai,601
2025-05-18 07:00:00,Chennai,636
2025-05-18 08:00:00,Chennai,461
2025-05-18 09:00:00,Chennai,547
2025-05-18 10:00:00,Chennai,656
2025-05-18 11:00:00,Chennai,447
2025-05-18 12:00:00,Chennai,591
2025-05-18 13:00:00,Chennai,687
2025-05-18 14:00:00,Chennai,619
2025-05-18 15:00:00,Chennai,516
2025-05-18 16:00:00,Chennai,411
2025-05-18 17:00:00,Chennai,750
2025-05-18 18:00:00,Chennai,656
2025-05-18 19:00:00,Chennai,402
2025-05-18 20:00:00,Chennai,441
2025-05-18 21:00:00,Chennai,429
2025-05-18 22:00:00,Chennai,516
2025-05-18 23:00:00,Chennai,307
2025-05-19 00:00:00,Chennai,491
2025-05-19 01:00:00,Chennai,520
2025-05-19 02:00:00,Chennai,425
2025-05-19 03:00:00,Chennai,758
2025-05-19 04:00:00,Chennai,690
2025-05-19 05:00:00,Chennai,654
2025-05-19 06:00:00,Chennai,489
2025-05-19 07:00:00,Chennai,697
2025-05-19 08:00:00,Chennai,587
2025-05-19 09:00:00,Chennai,484
2025-05-19 10:00:00,Chennai,739
2025-05-19 11:00:00,Chennai,731
2025-05-19 12:00:00,Chennai,755
2025-05-19 13:00:00,Chennai,753
2025-05-19 14:00:00,Chennai,365
2025-05-19 15:00:00,Chennai,539
2025-05-19 16:00:00,Chennai,378
2025-05-19 17:00:00,Chennai,756
2025-05-19 18:00:00,Chennai,696
2025-05-19 19:00:00,Chennai,734
2025-05-19 20:00:00,Chennai,392
2025-05-19 21:00:00,Chennai,630
2025-05-19 22:00:00,Chennai,428
2025-05-19 23:00:00,Chennai,303
2025-05-20 00:00:00,Chennai,451
2025-05-20 01:00:00,Chennai,368
2025-05-20 02:00:00,Chennai,460
2025-05-20 03:00:00,Chennai,339
2025-05-20 04:00:00,Chennai,628
2025-05-20 05:00:00,Chennai,710
2025-05-20 06:00:00,Chennai,325
2025-05-20 07:00:00,Chennai,508
2025-05-20 08:00:00,Chennai,602
2025-05-20 09:00:00,Chennai,727
2025-05-20 10:00:00,Chennai,474
2025-05-20 11:00:00,Chennai,579
2025-05-20 12:00:00,Chennai,663
2025-05-20 13:00:00,Chennai,470
2025-05-20 14:00:00,Chennai,546
2025-05-20 15:00:00,Chennai,503
2025-05-20 16:00:00,Chennai,384
2025-05-20 17:00:00,Chennai,413
2025-05-20 18:00:00,Chennai,339
2025-05-20 19:00:00,Chennai,669
2025-05-20 20:00:00,Chennai,714
2025-05-20 21:00:00,Chennai,428
2025-05-20 22:00:00,Chennai,519
2025-05-20 23:00:00,Chennai,477
2025-05-21 00:00:00,Chennai,694
2025-05-21 01:00:00,Chennai,448
2025-05-21 02:00:00,Chennai,764
2025-05-21 03:00:00,Chennai,547
2025-05-21 04:00:00,Chennai,545
2025-05-21 05:00:00,Chennai,466
2025-05-21 06:00:00,Chennai,695
2025-05-21 07:00:00,Chennai,545
2025-05-21 08:00:00,Chennai,713
2025-05-21 09:00:00,Chennai,337
2025-05-21 10:00:00,Chennai,554
2025-05-21 11:00:00,Chennai,442
2025-05-21 12:00:00,Chennai,429
2025-05-21 13:00:00,Chennai,452
2025-05-21 14:00:00,Chennai,583
2025-05-21 15:00:00,Chennai,484
2025-05-21 16:00:00,Chennai,761
2025-05-21 17:00:00,Chennai,566
2025-05-21 18:00:00,Chennai,509
2025-05-21 19:00:00,Chennai,749
2025-05-21 20:00:00,Chennai,423
2025-05-21 21:00:00,Chennai,768
2025-05-21 22:00:00,Chennai,359
2025-05-21 23:00:00,Chennai,397
2025-05-22 00:00:00,Chennai,430
2025-05-22 01:00:00,Chennai,767
2025-05-22 02:00:00,Chennai,477
2025-05-22 03:00:00,Chennai,775
2025-05-22 04:00:00,Chennai,343
2025-05-22 05:00:00,Chennai,597
2025-05-22 06:00:00,Chennai,524
2025-05-22 07:00:00,Chennai,567
2025-05-22 08:00:00,Chennai,372
2025-05-22 09:00:00,Chennai,568
2025-05-22 10:00:00,Chennai,355
2025-05-22 11:00:00,Chennai,373
2025-05-22 12:00:00,Chennai,429
2025-05-22 13:00:00,Chennai,451
2025-05-22 14:00:00,Chennai,457
2025-05-22 15:00:00,Chennai,345
2025-05-22 16:00:00,Chennai,353
2025-05-22 17:00:00,Chennai,580
2025-05-22 18:00:00,Chennai,305
2025-05-22 19:00:00,Chennai,490
2025-05-22 20:00:00,Chennai,796
2025-05-22 21:00:00,Chennai,744
2025-05-22 22:00:00,Chennai,373
2025-05-22 23:00:00,Chennai,354
2025-05-23 00:00:00,Chennai,541
2025-05-23 01:00:00,Chennai,726
2025-05-23 02:00:00,Chennai,608
2025-05-23 03:00:00,Chennai,420
2025-05-23 04:00:00,Chennai,509
2025-05-23 05:00:00,Chennai,314
2025-05-23 06:00:00,Chennai,790
2025-05-23 07:00:00,Chennai,443
2025-05-23 08:00:00,Chennai,422
2025-05-23 09:00:00,Chennai,305
2025-05-23 10:00:00,Chennai,603
2025-05-23 11:00:00,Chennai,591
2025-05-23 12:00:00,Chennai,493
2025-05-23 13:00:00,Chennai,732
2025-05-23 14:00:00,Chennai,467
2025-05-23 15:00:00,Chennai,336
2025-05-23 16:00:00,Chennai,327
2025-05-23 17:00:00,Chennai,667
2025-05-23 18:00:00,Chennai,624
2025-05-23 19:00:00,Chennai,369
2025-05-23 20:00:00,Chennai,677
2025-05-23 21:00:00,Chennai,551
2025-05-23 22:00:00,Chennai,635
2025-05-23 23:00:00,Chennai,311
2025-05-24 00:00:00,Chennai,314
2025-05-24 01:00:00,Chennai,546
2025-05-24 02:00:00,Chennai,729
2025-05-24 03:00:00,Chennai,549
2025-05-24 04:00:00,Chennai,418
2025-05-24 05:00:00,Chennai,436
2025-05-24 06:00:00,Chennai,577
2025-05-24 07:00:00,Chennai,674
2025-05-24 08:00:00,Chennai,410
2025-05-24 09:00:00,Chennai,688
2025-05-24 10:00:00,Chennai,396
2025-05-24 11:00:00,Chennai,771
2025-05-24 12:00:00,Chennai,398
2025-05-24 13:00:00,Chennai,350
2025-05-24 14:00:00,Chennai,589
2025-05-24 15:00:00,Chennai,359
2025-05-24 16:00:00,Chennai,471
2025-05-24 17:00:00,Chennai,342
2025-05-24 18:00:00,Chennai,752
2025-05-24 19:00:00,Chennai,739
2025-05-24 20:00:00,Chennai,772
2025-05-24 21:00:00,Chennai,761
2025-05-24 22:00:00,Chennai,591
2025-05-24 23:00:00,Chennai,553
2025-05-25 00:00:00,Chennai,440
2025-05-25 01:00:00,Chennai,723
2025-05-25 02:00:00,Chennai,304
2025-05-25 03:00:00,Chennai,419
2025-05-25 04:00:00,Chennai,622
2025-05-25 05:00:00,Chennai,415
2025-05-25 06:00:00,Chennai,778
2025-05-25 07:00:00,Chennai,447
2025-05-25 08:00:00,Chennai,415
2025-05-25 09:00:00,Chennai,591
2025-05-25 10:00:00,Chennai,328
2025-05-25 11:00:00,Chennai,333
2025-05-25 12:00:00,Chennai,787
2025-05-25 13:00:00,Chennai,649
2025-05-25 14:00:00,Chennai,521
2025-05-25 15:00:00,Chennai,561
2025-05-25 16:00:00,Chennai,526
2025-05-25 17:00:00,Chennai,706
2025-05-25 18:00:00,Chennai,332
2025-05-25 19:00:00,Chennai,421
2025-05-25 20:00:00,Chennai,628
2025-05-25 21:00:00,Chennai,597
2025-05-25 22:00:00,Chennai,677
2025-05-25 23:00:00,Chennai,337
2025-05-26 00:00:00,Chennai,355
2025-05-26 01:00:00,Chennai,719
2025-05-26 02:00:00,Chennai,682
2025-05-26 03:00:00,Chennai,708
2025-05-26 04:00:00,Chennai,636
2025-05-26 05:00:00,Chennai,538
2025-05-26 06:00:00,Chennai,505
2025-05-26 07:00:00,Chennai,528
2025-05-26 08:00:00,Chennai,452
2025-05-26 09:00:00,Chennai,738
2025-05-26 10:00:00,Chennai,528
2025-05-26 11:00:00,Chennai,528
2025-05-26 12:00:00,Chennai,623
2025-05-26 13:00:00,Chennai,405
2025-05-26 14:00:00,Chennai,382
2025-05-26 15:00:00,Chennai,541
2025-05-26 16:00:00,Chennai,744
2025-05-26 17:00:00,Chennai,673
2025-05-26 18:00:00,Chennai,311
2025-05-26 19:00:00,Chennai,469
2025-05-26 20:00:00,Chennai,496
2025-05-26 21:00:00,Chennai,753
2025-05-26 22:00:00,Chennai,741
2025-05-26 23:00:00,Chennai,710
2025-05-27 00:00:00,Chennai,671
2025-05-27 01:00:00,Chennai,660
2025-05-27 02:00:00,Chennai,658
2025-05-27 03:00:00,Chennai,436
2025-05-27 04:00:00,Chennai,430
2025-05-27 05:00:00,Chennai,441
2025-05-27 06:00:00,Chennai,571
2025-05-27 07:00:00,Chennai,744
2025-05-27 08:00:00,Chennai,661
2025-05-27 09:00:00,Chennai,445
2025-05-27 10:00:00,Chennai,695
2025-05-27 11:00:00,Chennai,338
2025-05-27 12:00:00,Chennai,366
2025-05-27 13:00:00,Chennai,538
2025-05-27 14:00:00,Chennai,672
2025-05-27 15:00:00,Chennai,621
2025-05-27 16:00:00,Chennai,696
2025-05-27 17:00:00,Chennai,303
2025-05-27 18:00:00,Chennai,609
2025-05-27 19:00:00,Chennai,485
2025-05-27 20:00:00,Chennai,489
2025-05-27 21:00:00,Chennai,385
2025-05-27 22:00:00,Chennai,662
2025-05-27 23:00:00,Chennai,339
2025-05-28 00:00:00,Chennai,696
2025-05-28 01:00:00,Chennai,511
2025-05-28 02:00:00,Chennai,593
2025-05-28 03:00:00,Chennai,602
2025-05-28 04:00:00,Chennai,545
2025-05-28 05:00:00,Chennai,556
2025-05-28 06:00:00,Chennai,342
2025-05-28 07:00:00,Chennai,735
2025-05-28 08:00:00,Chennai,305
2025-05-28 09:00:00,Chennai,348
2025-05-28 10:00:00,Chennai,580
2025-05-28 11:00:00,Chennai,698
2025-05-28 12:00:00,Chennai,647
2025-05-28 13:00:00,Chennai,353
2025-05-28 14:00:00,Chennai,785
2025-05-28 15:00:00,Chennai,522
2025-05-28 16:00:00,Chennai,319
2025-05-28 17:00:00,Chennai,719
2025-05-28 18:00:00,Chennai,350
2025-05-28 19:00:00,Chennai,404
2025-05-28 20:00:00,Chennai,504
2025-05-28 21:00:00,Chennai,438
2025-05-28 22:00:00,Chennai,499
2025-05-28 23:00:00,Chennai,670
2025-05-29 00:00:00,Chennai,427
2025-05-29 01:00:00,Chennai,673
2025-05-29 02:00:00,Chennai,721
2025-05-29 03:00:00,Chennai,483
2025-05-29 04:00:00,Chennai,354
2025-05-29 05:00:00,Chennai,527
2025-05-29 06:00:00,Chennai,673
2025-05-29 07:00:00,Chennai,721
2025-05-29 08:00:00,Chennai,523
2025-05-29 09:00:00,Chennai,765
2025-05-29 10:00:00,Chennai,546
2025-05-29 11:00:00,Chennai,730
2025-05-29 12:00:00,Chennai,596
2025-05-29 13:00:00,Chennai,665
2025-05-29 14:00:00,Chennai,624
2025-05-29 15:00:00,Chennai,664
2025-05-29 16:00:00,Chennai,502
2025-05-29 17:00:00,Chennai,721
2025-05-29 18:00:00,Chennai,307
2025-05-29 19:00:00,Chennai,743
2025-05-29 20:00:00,Chennai,338
2025-05-29 21:00:00,Chennai,402
2025-05-29 22:00:00,Chennai,763
2025-05-29 23:00:00,Chennai,328
2025-05-30 00:00:00,Chennai,452
2025-05-01 00:00:00,Bengaluru,329
2025-05-01 01:00:00,Bengaluru,391
2025-05-01 02:00:00,Bengaluru,545
2025-05-01 03:00:00,Bengaluru,693
2025-05-01 04:00:00,Bengaluru,498
2025-05-01 05:00:00,Bengaluru,742
2025-05-01 06:00:00,Bengaluru,501
2025-05-01 07:00:00,Bengaluru,685
2025-05-01 08:00:00,Bengaluru,408
2025-05-01 09:00:00,Bengaluru,714
2025-05-01 10:00:00,Bengaluru,739
2025-05-01 11:00:00,Bengaluru,355
2025-05-01 12:00:00,Bengaluru,783
2025-05-01 13:00:00,Bengaluru,576
2025-05-01 14:00:00,Bengaluru,677
2025-05-01 15:00:00,Bengaluru,366
2025-05-01 16:00:00,Bengaluru,378
2025-05-01 17:00:00,Bengaluru,356
2025-05-01 18:00:00,Bengaluru,645
2025-05-01 19:00:00,Bengaluru,591
2025-05-01 20:00:00,Bengaluru,430
2025-05-01 21:00:00,Bengaluru,771
2025-05-01 22:00:00,Bengaluru,592
2025-05-01 23:00:00,Bengaluru,557
2025-05-02 00:00:00,Bengaluru,383
2025-05-02 01:00:00,Bengaluru,766
2025-05-02 02:00:00,Bengaluru,696
2025-05-02 03:00:00,Bengaluru,767
2025-05-02 04:00:00,Bengaluru,600
2025-05-02 05:00:00,Bengaluru,326
2025-05-02 06:00:00,Bengaluru,462
2025-05-02 07:00:00,Bengaluru,319
2025-05-02 08:00:00,Bengaluru,382
2025-05-02 09:00:00,Bengaluru,441
2025-05-02 10:00:00,Bengaluru,424
2025-05-02 11:00:00,Bengaluru,783
2025-05-02 12:00:00,Bengaluru,470
2025-05-02 13:00:00,Bengaluru,412
2025-05-02 14:00:00,Bengaluru,605
2025-05-02 15:00:00,Bengaluru,649
2025-05-02 16:00:00,Bengaluru,729
2025-05-02 17:00:00,Bengaluru,428
2025-05-02 18:00:00,Bengaluru,744
2025-05-02 19:00:00,Bengaluru,383
2025-05-02 20:00:00,Bengaluru,394
2025-05-02 21:00:00,Bengaluru,412
2025-05-02 22:00:00,Bengaluru,619
2025-05-02 23:00:00,Bengaluru,579
2025-05-03 00:00:00,Bengaluru,429
2025-05-03 01:00:00,Bengaluru,462
2025-05-03 02:00:00,Bengaluru,416
2025-05-03 03:00:00,Bengaluru,327
2025-05-03 04:00:00,Bengaluru,403
2025-05-03 05:00:00,Bengaluru,713
2025-05-03 06:00:00,Bengaluru,674
2025-05-03 07:00:00,Bengaluru,702
2025-05-03 08:00:00,Bengaluru,599
2025-05-03 09:00:00,Bengaluru,792
2025-05-03 10:00:00,Bengaluru,663
2025-05-03 11:00:00,Bengaluru,390
2025-05-03 12:00:00,Bengaluru,522
2025-05-03 13:00:00,Bengaluru,414
2025-05-03 14:00:00,Bengaluru,481
2025-05-03 15:00:00,Bengaluru,732
2025-05-03 16:00:00,Bengaluru,645
2025-05-03 17:00:00,Bengaluru,421
2025-05-03 18:00:00,Bengaluru,527
2025-05-03 19:00:00,Bengaluru,764
2025-05-03 20:00:00,Bengaluru,486
2025-05-03 21:00:00,Bengaluru,527
2025-05-03 22:00:00,Bengaluru,618
2025-05-03 23:00:00,Bengaluru,373
2025-05-04 00:00:00,Bengaluru,713
2025-05-04 01:00:00,Bengaluru,799
2025-05-04 02:00:00,Bengaluru,487
2025-05-04 03:00:00,Bengaluru,785
2025-05-04 04:00:00,Bengaluru,430
2025-05-04 05:00:00,Bengaluru,751
2025-05-04 06:00:00,Bengaluru,642
2025-05-04 07:00:00,Bengaluru,611
2025-05-04 08:00:00,Bengaluru,783
2025-05-04 09:00:00,Bengaluru,331
2025-05-04 10:00:00,Bengaluru,508
2025-05-04 11:00:00,Bengaluru,723
2025-05-04 12:00:00,Bengaluru,696
2025-05-04 13:00:00,Bengaluru,556
2025-05-04 14:00:00,Bengaluru,418
2025-05-04 15:00:00,Bengaluru,432
2025-05-04 16:00:00,Bengaluru,440
2025-05-04 17:00:00,Bengaluru,436
2025-05-04 18:00:00,Bengaluru,344
2025-05-04 19:00:00,Bengaluru,608
2025-05-04 20:00:00,Bengaluru,672
2025-05-04 21:00:00,Bengaluru,631
2025-05-04 22:00:00,Bengaluru,619
2025-05-04 23:00:00,Bengaluru,400
2025-05-05 00:00:00,Bengaluru,408
2025-05-05 01:00:00,Bengaluru,571
2025-05-05 02:00:00,Bengaluru,351
2025-05-05 03:00:00,Bengaluru,399
2025-05-05 04:00:00,Bengaluru,357
2025-05-05 05:00:00,Bengaluru,706
2025-05-05 06:00:00,Bengaluru,436
2025-05-05 07:00:00,Bengaluru,781
2025-05-05 08:00:00,Bengaluru,566
2025-05-05 09:00:00,Bengaluru,601
2025-05-05 10:00:00,Bengaluru,406
2025-05-05 11:00:00,Bengaluru,491
2025-05-05 12:00:00,Bengaluru,696
2025-05-05 13:00:00,Bengaluru,576
2025-05-05 14:00:00,Bengaluru,423
2025-05-05 15:00:00,Bengaluru,670
2025-05-05 16:00:00,Bengaluru,441
2025-05-05 17:00:00,Bengaluru,743
2025-05-05 18:00:00,Bengaluru,741
2025-05-05 19:00:00,Bengaluru,638
2025-05-05 20:00:00,Bengaluru,342
2025-05-05 21:00:00,Bengaluru,550
2025-05-05 22:00:00,Bengaluru,532
2025-05-05 23:00:00,Bengaluru,471
2025-05-06 00:00:00,Bengaluru,518
2025-05-06 01:00:00,Bengaluru,435
2025-05-06 02:00:00,Bengaluru,520
2025-05-06 03:00:00,Bengaluru,694
2025-05-06 04:00:00,Bengaluru,530
2025-05-06 05:00:00,Bengaluru,766
2025-05-06 06:00:00,Bengaluru,554
2025-05-06 07:00:00,Bengaluru,719
2025-05-06 08:00:00,Bengaluru,578
2025-05-06 09:00:00,Bengaluru,462
2025-05-06 10:00:00,Bengaluru,410
2025-05-06 11:00:00,Bengaluru,767
2025-05-06 12:00:00,Bengaluru,364
2025-05-06 13:00:00,Bengaluru,789
2025-05-06 14:00:00,Bengaluru,702
2025-05-06 15:00:00,Bengaluru,583
2025-05-06 16:00:00,Bengaluru,470
2025-05-06 17:00:00,Bengaluru,607
2025-05-06 18:00:00,Bengaluru,639
2025-05-06 19:00:00,Bengaluru,777
2025-05-06 20:00:00,Bengaluru,791
2025-05-06 21:00:00,Bengaluru,453
2025-05-06 22:00:00,Bengaluru,343
2025-05-06 23:00:00,Bengaluru,510
2025-05-07 00:00:00,Bengaluru,473
2025-05-07 01:00:00,Bengaluru,401
2025-05-07 02:00:00,Bengaluru,687
2025-05-07 03:00:00,Bengaluru,488
2025-05-07 04:00:00,Bengaluru,718
2025-05-07 05:00:00,Bengaluru,794
2025-05-07 06:00:00,Bengaluru,353
2025-05-07 07:00:00,Bengaluru,738
2025-05-07 08:00:00,Bengaluru,318
2025-05-07 09:00:00,Bengaluru,708
2025-05-07 10:00:00,Bengaluru,590
2025-05-07 11:00:00,Bengaluru,631
2025-05-07 12:00:00,Bengaluru,596
2025-05-07 13:00:00,Bengaluru,389
2025-05-07 14:00:00,Bengaluru,320
2025-05-07 15:00:00,Bengaluru,424
2025-05-07 16:00:00,Bengaluru,685
2025-05-07 17:00:00,Bengaluru,574
2025-05-07 18:00:00,Bengaluru,312
2025-05-07 19:00:00,Bengaluru,310
2025-05-07 20:00:00,Bengaluru,448
2025-05-07 21:00:00,Bengaluru,397
2025-05-07 22:00:00,Bengaluru,570
2025-05-07 23:00:00,Bengaluru,407
2025-05-08 00:00:00,Bengaluru,638
2025-05-08 01:00:00,Bengaluru,583
2025-05-08 02:00:00,Bengaluru,513
2025-05-08 03:00:00,Bengaluru,787
2025-05-08 04:00:00,Bengaluru,581
2025-05-08 05:00:00,Bengaluru,369
2025-05-08 06:00:00,Bengaluru,760
2025-05-08 07:00:00,Bengaluru,577
2025-05-08 08:00:00,Bengaluru,746
2025-05-08 09:00:00,Bengaluru,548
2025-05-08 10:00:00,Bengaluru,587
2025-05-08 11:00:00,Bengaluru,690
2025-05-08 12:00:00,Bengaluru,551
2025-05-08 13:00:00,Bengaluru,504
2025-05-08 14:00:00,Bengaluru,693
2025-05-08 15:00:00,Bengaluru,539
2025-05-08 16:00:00,Bengaluru,736
2025-05-08 17:00:00,Bengaluru,376
2025-05-08 18:00:00,Bengaluru,317
2025-05-08 19:00:00,Bengaluru,494
2025-05-08 20:00:00,Bengaluru,375
2025-05-08 21:00:00,Bengaluru,781
2025-05-08 22:00:00,Bengaluru,641
2025-05-08 23:00:00,Bengaluru,763
2025-05-09 00:00:00,Bengaluru,739
2025-05-09 01:00:00,Bengaluru,404
2025-05-09 02:00:00,Bengaluru,412
2025-05-09 03:00:00,Bengaluru,534
2025-05-09 04:00:00,Bengaluru,451
2025-05-09 05:00:00,Bengaluru,363
2025-05-09 06:00:00,Bengaluru,443
2025-05-09 07:00:00,Bengaluru,723
2025-05-09 08:00:00,Bengaluru,603
2025-05-09 09:00:00,Bengaluru,481
2025-05-09 10:00:00,Bengaluru,503
2025-05-09 11:00:00,Bengaluru,492
2025-05-09 12:00:00,Bengaluru,329
2025-05-09 13:00:00,Bengaluru,397
2025-05-09 14:00:00,Bengaluru,390
2025-05-09 15:00:00,Bengaluru,611
2025-05-09 16:00:00,Bengaluru,697
2025-05-09 17:00:00,Bengaluru,753
2025-05-09 18:00:00,Bengaluru,539
2025-05-09 19:00:00,Bengaluru,656
2025-05-09 20:00:00,Bengaluru,429
2025-05-09 21:00:00,Bengaluru,460
2025-05-09 22:00:00,Bengaluru,733
2025-05-09 23:00:00,Bengaluru,406
2025-05-10 00:00:00,Bengaluru,748
2025-05-10 01:00:00,Bengaluru,738
2025-05-10 02:00:00,Bengaluru,536
2025-05-10 03:00:00,Bengaluru,569
2025-05-10 04:00:00,Bengaluru,567
2025-05-10 05:00:00,Bengaluru,769
2025-05-10 06:00:00,Bengaluru,690
2025-05-10 07:00:00,Bengaluru,466
2025-05-10 08:00:00,Bengaluru,370
2025-05-10 09:00:00,Bengaluru,613
2025-05-10 10:00:00,Bengaluru,482
2025-05-10 11:00:00,Bengaluru,465
2025-05-10 12:00:00,Bengaluru,479
2025-05-10 13:00:00,Bengaluru,495
2025-05-10 14:00:00,Bengaluru,552
2025-05-10 15:00:00,Bengaluru,669
2025-05-10 16:00:00,Bengaluru,712
2025-05-10 17:00:00,Bengaluru,748
2025-05-10 18:00:00,Bengaluru,330
2025-05-10 19:00:00,Bengaluru,765
2025-05-10 20:00:00,Bengaluru,721
2025-05-10 21:00:00,Bengaluru,730
2025-05-10 22:00:00,Bengaluru,713
2025-05-10 23:00:00,Bengaluru,463
2025-05-11 00:00:00,Bengaluru,595
2025-05-11 01:00:00,Bengaluru,475
2025-05-11 02:00:00,Bengaluru,381
2025-05-11 03:00:00,Bengaluru,539
2025-05-11 04:00:00,Bengaluru,762
2025-05-11 05:00:00,Bengaluru,462
2025-05-11 06:00:00,Bengaluru,606
2025-05-11 07:00:00,Bengaluru,361
2025-05-11 08:00:00,Bengaluru,576
2025-05-11 09:00:00,Bengaluru,381
2025-05-11 10:00:00,Bengaluru,479
2025-05-11 11:00:00,Bengaluru,671
2025-05-11 12:00:00,Bengaluru,481
2025-05-11 13:00:00,Bengaluru,364
2025-05-11 14:00:00,Bengaluru,542
2025-05-11 15:00:00,Bengaluru,705
2025-05-11 16:00:00,Bengaluru,565
2025-05-11 17:00:00,Bengaluru,633
2025-05-11 18:00:00,Bengaluru,480
2025-05-11 19:00:00,Bengaluru,762
2025-05-11 20:00:00,Bengaluru,301
2025-05-11 21:00:00,Bengaluru,317
2025-05-11 22:00:00,Bengaluru,472
2025-05-11 23:00:00,Bengaluru,366
2025-05-12 00:00:00,Bengaluru,419
2025-05-12 01:00:00,Bengaluru,603
2025-05-12 02:00:00,Bengaluru,386
2025-05-12 03:00:00,Bengaluru,488
2025-05-12 04:00:00,Bengaluru,758
2025-05-12 05:00:00,Bengaluru,739
2025-05-12 06:00:00,Bengaluru,342
2025-05-12 07:00:00,Bengaluru,748
2025-05-12 08:00:00,Bengaluru,599
2025-05-12 09:00:00,Bengaluru,348
2025-05-12 10:00:00,Bengaluru,720
2025-05-12 11:00:00,Bengaluru,487
2025-05-12 12:00:00,Bengaluru,742
2025-05-12 13:00:00,Bengaluru,618
2025-05-12 14:00:00,Bengaluru,512
2025-05-12 15:00:00,Bengaluru,668
2025-05-12 16:00:00,Bengaluru,336
2025-05-12 17:00:00,Bengaluru,598
2025-05-12 18:00:00,Bengaluru,752
2025-05-12 19:00:00,Bengaluru,752
2025-05-12 20:00:00,Bengaluru,512
2025-05-12 21:00:00,Bengaluru,415
2025-05-12 22:00:00,Bengaluru,491
2025-05-12 23:00:00,Bengaluru,433
2025-05-13 00:00:00,Bengaluru,646
2025-05-13 01:00:00,Bengaluru,478
2025-05-13 02:00:00,Bengaluru,307
2025-05-13 03:00:00,Bengaluru,505
2025-05-13 04:00:00,Bengaluru,659
2025-05-13 05:00:00,Bengaluru,352
2025-05-13 06:00:00,Bengaluru,551
2025-05-13 07:00:00,Bengaluru,764
2025-05-13 08:00:00,Bengaluru,376
2025-05-13 09:00:00,Bengaluru,580
2025-05-13 10:00:00,Bengaluru,440
2025-05-13 11:00:00,Bengaluru,782
2025-05-13 12:00:00,Bengaluru,431
2025-05-13 13:00:00,Bengaluru,343
2025-05-13 14:00:00,Bengaluru,712
2025-05-13 15:00:00,Bengaluru,392
2025-05-13 16:00:00,Bengaluru,785
2025-05-13 17:00:00,Bengaluru,615
2025-05-13 18:00:00,Bengaluru,667
2025-05-13 19:00:00,Bengaluru,582
2025-05-13 20:00:00,Bengaluru,382
2025-05-13 21:00:00,Bengaluru,766
2025-05-13 22:00:00,Bengaluru,413
2025-05-13 23:00:00,Bengaluru,467
2025-05-14 00:00:00,Bengaluru,799
2025-05-14 01:00:00,Bengaluru,652
2025-05-14 02:00:00,Bengaluru,772
2025-05-14 03:00:00,Bengaluru,422
2025-05-14 04:00:00,Bengaluru,432
2025-05-14 05:00:00,Bengaluru,409
2025-05-14 06:00:00,Bengaluru,587
2025-05-14 07:00:00,Bengaluru,337
2025-05-14 08:00:00,Bengaluru,329
2025-05-14 09:00:00,Bengaluru,663
2025-05-14 10:00:00,Bengaluru,595
2025-05-14 11:00:00,Bengaluru,582
2025-05-14 12:00:00,Bengaluru,730
2025-05-14 13:00:00,Bengaluru,460
2025-05-14 14:00:00,Bengaluru,674
2025-05-14 15:00:00,Bengaluru,657
2025-05-14 16:00:00,Bengaluru,678
2025-05-14 17:00:00,Bengaluru,384
2025-05-14 18:00:00,Bengaluru,561
2025-05-14 19:00:00,Bengaluru,397
2025-05-14 20:00:00,Bengaluru,656
2025-05-14 21:00:00,Bengaluru,507
2025-05-14 22:00:00,Bengaluru,469
2025-05-14 23:00:00,Bengaluru,739
2025-05-15 00:00:00,Bengaluru,685
2025-05-15 01:00:00,Bengaluru,333
2025-05-15 02:00:00,Bengaluru,402
2025-05-15 03:00:00,Bengaluru,713
2025-05-15 04:00:00,Bengaluru,403
2025-05-15 05:00:00,Bengaluru,326
2025-05-15 06:00:00,Bengaluru,556
2025-05-15 07:00:00,Bengaluru,306
2025-05-15 08:00:00,Bengaluru,479
2025-05-15 09:00:00,Bengaluru,548
2025-05-15 10:00:00,Bengaluru,542
2025-05-15 11:00:00,Bengaluru,737
2025-05-15 12:00:00,Bengaluru,586
2025-05-15 13:00:00,Bengaluru,358
2025-05-15 14:00:00,Bengaluru,365
2025-05-15 15:00:00,Bengaluru,530
2025-05-15 16:00:00,Bengaluru,421
2025-05-15 17:00:00,Bengaluru,763
2025-05-15 18:00:00,Bengaluru,660
2025-05-15 19:00:00,Bengaluru,578
2025-05-15 20:00:00,Bengaluru,378
2025-05-15 21:00:00,Bengaluru,791
2025-05-15 22:00:00,Bengaluru,729
2025-05-15 23:00:00,Bengaluru,363
2025-05-16 00:00:00,Bengaluru,411
2025-05-16 01:00:00,Bengaluru,791
2025-05-16 02:00:00,Bengaluru,671
2025-05-16 03:00:00,Bengaluru,750
2025-05-16 04:00:00,Bengaluru,748
2025-05-16 05:00:00,Bengaluru,401
2025-05-16 06:00:00,Bengaluru,750
2025-05-16 07:00:00,Bengaluru,580
2025-05-16 08:00:00,Bengaluru,706
2025-05-16 09:00:00,Bengaluru,374
2025-05-16 10:00:00,Bengaluru,430
2025-05-16 11:00:00,Bengaluru,701
2025-05-16 12:00:00,Bengaluru,388
2025-05-16 13:00:00,Bengaluru,428
2025-05-16 14:00:00,Bengaluru,588
2025-05-16 15:00:00,Bengaluru,321
2025-05-16 16:00:00,Bengaluru,367
2025-05-16 17:00:00,Bengaluru,422
2025-05-16 18:00:00,Bengaluru,454
2025-05-16 19:00:00,Bengaluru,741
2025-05-16 20:00:00,Bengaluru,535
2025-05-16 21:00:00,Bengaluru,691
2025-05-16 22:00:00,Bengaluru,728
2025-05-16 23:00:00,Bengaluru,609
2025-05-17 00:00:00,Bengaluru,600
2025-05-17 01:00:00,Bengaluru,431
2025-05-17 02:00:00,Bengaluru,642
2025-05-17 03:00:00,Bengaluru,475
2025-05-17 04:00:00,Bengaluru,752
2025-05-17 05:00:00,Bengaluru,795
2025-05-17 06:00:00,Bengaluru,578
2025-05-17 07:00:00,Bengaluru,702
2025-05-17 08:00:00,Bengaluru,663
2025-05-17 09:00:00,Bengaluru,411
2025-05-17 10:00:00,Bengaluru,733
2025-05-17 11:00:00,Bengaluru,386
2025-05-17 12:00:00,Bengaluru,424
2025-05-17 13:00:00,Bengaluru,312
2025-05-17 14:00:00,Bengaluru,582
2025-05-17 15:00:00,Bengaluru,780
2025-05-17 16:00:00,Bengaluru,609
2025-05-17 17:00:00,Bengaluru,655
2025-05-17 18:00:00,Bengaluru,662
2025-05-17 19:00:00,Bengaluru,304
2025-05-17 20:00:00,Bengaluru,497
2025-05-17 21:00:00,Bengaluru,675
2025-05-17 22:00:00,Bengaluru,515
2025-05-17 23:00:00,Bengaluru,335
2025-05-18 00:00:00,Bengaluru,571
2025-05-18 01:00:00,Bengaluru,732
2025-05-18 02:00:00,Bengaluru,507
2025-05-18 03:00:00,Bengaluru,525
2025-05-18 04:00:00,Bengaluru,739
2025-05-18 05:00:00,Bengaluru,305
2025-05-18 06:00:00,Bengaluru,529
2025-05-18 07:00:00,Bengaluru,389
2025-05-18 08:00:00,Bengaluru,404
2025-05-18 09:00:00,Bengaluru,645
2025-05-18 10:00:00,Bengaluru,612
2025-05-18 11:00:00,Bengaluru,511
2025-05-18 12:00:00,Bengaluru,785
2025-05-18 13:00:00,Bengaluru,549
2025-05-18 14:00:00,Bengaluru,712
2025-05-18 15:00:00,Bengaluru,787
2025-05-18 16:00:00,Bengaluru,581
2025-05-18 17:00:00,Bengaluru,472
2025-05-18 18:00:00,Bengaluru,724
2025-05-18 19:00:00,Bengaluru,450
2025-05-18 20:00:00,Bengaluru,325
2025-05-18 21:00:00,Bengaluru,608
2025-05-18 22:00:00,Bengaluru,516
2025-05-18 23:00:00,Bengaluru,519
2025-05-19 00:00:00,Bengaluru,407
2025-05-19 01:00:00,Bengaluru,539
2025-05-19 02:00:00,Bengaluru,420
2025-05-19 03:00:00,Bengaluru,640
2025-05-19 04:00:00,Bengaluru,536
2025-05-19 05:00:00,Bengaluru,754
2025-05-19 06:00:00,Bengaluru,789
2025-05-19 07:00:00,Bengaluru,379
2025-05-19 08:00:00,Bengaluru,642
2025-05-19 09:00:00,Bengaluru,337
2025-05-19 10:00:00,Bengaluru,445
2025-05-19 11:00:00,Bengaluru,311
2025-05-19 12:00:00,Bengaluru,733
2025-05-19 13:00:00,Bengaluru,314
2025-05-19 14:00:00,Bengaluru,685
2025-05-19 15:00:00,Bengaluru,550
2025-05-19 16:00:00,Bengaluru,402
2025-05-19 17:00:00,Bengaluru,349
2025-05-19 18:00:00,Bengaluru,336
2025-05-19 19:00:00,Bengaluru,551
2025-05-19 20:00:00,Bengaluru,670
2025-05-19 21:00:00,Bengaluru,694
2025-05-19 22:00:00,Bengaluru,590
2025-05-19 23:00:00,Bengaluru,644
2025-05-20 00:00:00,Bengaluru,524
2025-05-20 01:00:00,Bengaluru,532
2025-05-20 02:00:00,Bengaluru,663
2025-05-20 03:00:00,Bengaluru,657
2025-05-20 04:00:00,Bengaluru,520
2025-05-20 05:00:00,Bengaluru,522
2025-05-20 06:00:00,Bengaluru,533
2025-05-20 07:00:00,Bengaluru,584
2025-05-20 08:00:00,Bengaluru,745
2025-05-20 09:00:00,Bengaluru,667
2025-05-20 10:00:00,Bengaluru,700
2025-05-20 11:00:00,Bengaluru,455
2025-05-20 12:00:00,Bengaluru,521
2025-05-20 13:00:00,Bengaluru,339
2025-05-20 14:00:00,Bengaluru,481
2025-05-20 15:00:00,Bengaluru,752
2025-05-20 16:00:00,Bengaluru,561
2025-05-20 17:00:00,Bengaluru,791
2025-05-20 18:00:00,Bengaluru,636
2025-05-20 19:00:00,Bengaluru,731
2025-05-20 20:00:00,Bengaluru,733
2025-05-20 21:00:00,Bengaluru,518
2025-05-20 22:00:00,Bengaluru,584
2025-05-20 23:00:00,Bengaluru,782
2025-05-21 00:00:00,Bengaluru,302
2025-05-21 01:00:00,Bengaluru,388
2025-05-21 02:00:00,Bengaluru,473
2025-05-21 03:00:00,Bengaluru,594
2025-05-21 04:00:00,Bengaluru,653
2025-05-21 05:00:00,Bengaluru,368
2025-05-21 06:00:00,Bengaluru,447
2025-05-21 07:00:00,Bengaluru,759
2025-05-21 08:00:00,Bengaluru,534
2025-05-21 09:00:00,Bengaluru,327
2025-05-21 10:00:00,Bengaluru,341
2025-05-21 11:00:00,Bengaluru,306
2025-05-21 12:00:00,Bengaluru,317
2025-05-21 13:00:00,Bengaluru,437
2025-05-21 14:00:00,Bengaluru,427
2025-05-21 15:00:00,Bengaluru,576
2025-05-21 16:00:00,Bengaluru,540
2025-05-21 17:00:00,Bengaluru,353
2025-05-21 18:00:00,Bengaluru,615
2025-05-21 19:00:00,Bengaluru,526
2025-05-21 20:00:00,Bengaluru,666
2025-05-21 21:00:00,Bengaluru,465
2025-05-21 22:00:00,Bengaluru,604
2025-05-21 23:00:00,Bengaluru,574
2025-05-22 00:00:00,Bengaluru,544
2025-05-22 01:00:00,Bengaluru,510
2025-05-22 02:00:00,Bengaluru,440
2025-05-22 03:00:00,Bengaluru,719
2025-05-22 04:00:00,Bengaluru,603
2025-05-22 05:00:00,Bengaluru,440
2025-05-22 06:00:00,Bengaluru,409
2025-05-22 07:00:00,Bengaluru,606
2025-05-22 08:00:00,Bengaluru,446
2025-05-22 09:00:00,Bengaluru,325
2025-05-22 10:00:00,Bengaluru,512
2025-05-22 11:00:00,Bengaluru,504
2025-05-22 12:00:00,Bengaluru,797
2025-05-22 13:00:00,Bengaluru,300
2025-05-22 14:00:00,Bengaluru,515
2025-05-22 15:00:00,Bengaluru,727
2025-05-22 16:00:00,Bengaluru,761
2025-05-22 17:00:00,Bengaluru,686
2025-05-22 18:00:00,Bengaluru,404
2025-05-22 19:00:00,Bengaluru,602
2025-05-22 20:00:00,Bengaluru,577
2025-05-22 21:00:00,Bengaluru,617
2025-05-22 22:00:00,Bengaluru,686
2025-05-22 23:00:00,Bengaluru,696
2025-05-23 00:00:00,Bengaluru,784
2025-05-23 01:00:00,Bengaluru,496
2025-05-23 02:00:00,Bengaluru,474
2025-05-23 03:00:00,Bengaluru,446
2025-05-23 04:00:00,Bengaluru,385
2025-05-23 05:00:00,Bengaluru,686
2025-05-23 06:00:00,Bengaluru,491
2025-05-23 07:00:00,Bengaluru,580
2025-05-23 08:00:00,Bengaluru,518
2025-05-23 09:00:00,Bengaluru,594
2025-05-23 10:00:00,Bengaluru,737
2025-05-23 11:00:00,Bengaluru,604
2025-05-23 12:00:00,Bengaluru,506
2025-05-23 13:00:00,Bengaluru,603
2025-05-23 14:00:00,Bengaluru,489
2025-05-23 15:00:00,Bengaluru,675
2025-05-23 16:00:00,Bengaluru,524
2025-05-23 17:00:00,Bengaluru,765
2025-05-23 18:00:00,Bengaluru,369
2025-05-23 19:00:00,Bengaluru,394
2025-05-23 20:00:00,Bengaluru,753
2025-05-23 21:00:00,Bengaluru,316
2025-05-23 22:00:00,Bengaluru,319
2025-05-23 23:00:00,Bengaluru,323
2025-05-24 00:00:00,Bengaluru,536
2025-05-24 01:00:00,Bengaluru,592
2025-05-24 02:00:00,Bengaluru,468
2025-05-24 03:00:00,Bengaluru,437
2025-05-24 04:00:00,Bengaluru,799
2025-05-24 05:00:00,Bengaluru,390
2025-05-24 06:00:00,Bengaluru,687
2025-05-24 07:00:00,Bengaluru,578
2025-05-24 08:00:00,Bengaluru,723
2025-05-24 09:00:00,Bengaluru,791
2025-05-24 10:00:00,Bengaluru,630
2025-05-24 11:00:00,Bengaluru,424
2025-05-24 12:00:00,Bengaluru,625
2025-05-24 13:00:00,Bengaluru,513
2025-05-24 14:00:00,Bengaluru,461
2025-05-24 15:00:00,Bengaluru,716
2025-05-24 16:00:00,Bengaluru,340
2025-05-24 17:00:00,Bengaluru,407
2025-05-24 18:00:00,Bengaluru,438
2025-05-24 19:00:00,Bengaluru,404
2025-05-24 20:00:00,Bengaluru,520
2025-05-24 21:00:00,Bengaluru,594
2025-05-24 22:00:00,Bengaluru,517
2025-05-24 23:00:00,Bengaluru,669
2025-05-25 00:00:00,Bengaluru,689
2025-05-25 01:00:00,Bengaluru,451
2025-05-25 02:00:00,Bengaluru,317
2025-05-25 03:00:00,Bengaluru,311
2025-05-25 04:00:00,Bengaluru,691
2025-05-25 05:00:00,Bengaluru,522
2025-05-25 06:00:00,Bengaluru,505
2025-05-25 07:00:00,Bengaluru,401
2025-05-25 08:00:00,Bengaluru,696
2025-05-25 09:00:00,Bengaluru,618
2025-05-25 10:00:00,Bengaluru,751
2025-05-25 11:00:00,Bengaluru,397
2025-05-25 12:00:00,Bengaluru,533
2025-05-25 13:00:00,Bengaluru,684
2025-05-25 14:00:00,Bengaluru,559
2025-05-25 15:00:00,Bengaluru,746
2025-05-25 16:00:00,Bengaluru,396
2025-05-25 17:00:00,Bengaluru,522
2025-05-25 18:00:00,Bengaluru,397
2025-05-25 19:00:00,Bengaluru,775
2025-05-25 20:00:00,Bengaluru,605
2025-05-25 21:00:00,Bengaluru,735
2025-05-25 22:00:00,Bengaluru,568
2025-05-25 23:00:00,Bengaluru,505
2025-05-26 00:00:00,Bengaluru,604
2025-05-26 01:00:00,Bengaluru,765
2025-05-26 02:00:00,Bengaluru,689
2025-05-26 03:00:00,Bengaluru,520
2025-05-26 04:00:00,Bengaluru,483
2025-05-26 05:00:00,Bengaluru,525
2025-05-26 06:00:00,Bengaluru,491
2025-05-26 07:00:00,Bengaluru,684
2025-05-26 08:00:00,Bengaluru,548
2025-05-26 09:00:00,Bengaluru,721
2025-05-26 10:00:00,Bengaluru,584
2025-05-26 11:00:00,Bengaluru,382
2025-05-26 12:00:00,Bengaluru,521
2025-05-26 13:00:00,Bengaluru,516
2025-05-26 14:00:00,Bengaluru,450
2025-05-26 15:00:00,Bengaluru,605
2025-05-26 16:00:00,Bengaluru,348
2025-05-26 17:00:00,Bengaluru,316
2025-05-26 18:00:00,Bengaluru,743
2025-05-26 19:00:00,Bengaluru,708
2025-05-26 20:00:00,Bengaluru,736
2025-05-26 21:00:00,Bengaluru,714
2025-05-26 22:00:00,Bengaluru,528
2025-05-26 23:00:00,Bengaluru,350
2025-05-27 00:00:00,Bengaluru,606
2025-05-27 01:00:00,Bengaluru,411
2025-05-27 02:00:00,Bengaluru,745
2025-05-27 03:00:00,Bengaluru,553
2025-05-27 04:00:00,Bengaluru,514
2025-05-27 05:00:00,Bengaluru,635
2025-05-27 06:00:00,Bengaluru,575
2025-05-27 07:00:00,Bengaluru,327
2025-05-27 08:00:00,Bengaluru,679
2025-05-27 09:00:00,Bengaluru,386
2025-05-27 10:00:00,Bengaluru,757
2025-05-27 11:00:00,Bengaluru,715
2025-05-27 12:00:00,Bengaluru,707
2025-05-27 13:00:00,Bengaluru,692
2025-05-27 14:00:00,Bengaluru,456
2025-05-27 15:00:00,Bengaluru,418
2025-05-27 16:00:00,Bengaluru,387
2025-05-27 17:00:00,Bengaluru,316
2025-05-27 18:00:00,Bengaluru,518
2025-05-27 19:00:00,Bengaluru,619
2025-05-27 20:00:00,Bengaluru,779
2025-05-27 21:00:00,Bengaluru,553
2025-05-27 22:00:00,Bengaluru,338
2025-05-27 23:00:00,Bengaluru,499
2025-05-28 00:00:00,Bengaluru,466
2025-05-28 01:00:00,Bengaluru,560
2025-05-28 02:00:00,Bengaluru,572
2025-05-28 03:00:00,Bengaluru,503
2025-05-28 04:00:00,Bengaluru,795
2025-05-28 05:00:00,Bengaluru,398
2025-05-28 06:00:00,Bengaluru,429
2025-05-28 07:00:00,Bengaluru,752
2025-05-28 08:00:00,Bengaluru,616
2025-05-28 09:00:00,Bengaluru,656
2025-05-28 10:00:00,Bengaluru,303
2025-05-28 11:00:00,Bengaluru,323
2025-05-28 12:00:00,Bengaluru,709
2025-05-28 13:00:00,Bengaluru,592
2025-05-28 14:00:00,Bengaluru,546
2025-05-28 15:00:00,Bengaluru,469
2025-05-28 16:00:00,Bengaluru,757
2025-05-28 17:00:00,Bengaluru,521
2025-05-28 18:00:00,Bengaluru,324
2025-05-28 19:00:00,Bengaluru,523
2025-05-28 20:00:00,Bengaluru,740
2025-05-28 21:00:00,Bengaluru,374
2025-05-28 22:00:00,Bengaluru,584
2025-05-28 23:00:00,Bengaluru,349
2025-05-29 00:00:00,Bengaluru,778
2025-05-29 01:00:00,Bengaluru,320
2025-05-29 02:00:00,Bengaluru,547
2025-05-29 03:00:00,Bengaluru,731
2025-05-29 04:00:00,Bengaluru,354
2025-05-29 05:00:00,Bengaluru,761
2025-05-29 06:00:00,Bengaluru,458
2025-05-29 07:00:00,Bengaluru,370
2025-05-29 08:00:00,Bengaluru,639
2025-05-29 09:00:00,Bengaluru,318
2025-05-29 10:00:00,Bengaluru,551
2025-05-29 11:00:00,Bengaluru,326
2025-05-29 12:00:00,Bengaluru,760
2025-05-29 13:00:00,Bengaluru,546
2025-05-29 14:00:00,Bengaluru,541
2025-05-29 15:00:00,Bengaluru,424
2025-05-29 16:00:00,Bengaluru,451
2025-05-29 17:00:00,Bengaluru,786
2025-05-29 18:00:00,Bengaluru,759
2025-05-29 19:00:00,Bengaluru,653
2025-05-29 20:00:00,Bengaluru,731
2025-05-29 21:00:00,Bengaluru,614
2025-05-29 22:00:00,Bengaluru,542
2025-05-29 23:00:00,Bengaluru,355
2025-05-30 00:00:00,Bengaluru,784
