timestamp,location,temperature,humidity,rain_mm
2025-05-01 00:00:00,Hyderabad,20.6,88,0.0
2025-05-01 01:00:00,Hyderabad,26.1,72,0.0
2025-05-01 02:00:00,Hyderabad,21.7,83,4.9
2025-05-01 03:00:00,Hyderabad,26.1,82,0.0
2025-05-01 04:00:00,Hyderabad,27.6,63,0.0
2025-05-01 05:00:00,Hyderabad,30.3,62,0.5
2025-05-01 06:00:00,Hyderabad,27.9,67,0.8
2025-05-01 07:00:00,Hyderabad,23.9,62,0.0
2025-05-01 08:00:00,Hyderabad,27.5,89,0.0
2025-05-01 09:00:00,Hyderabad,28.0,74,0.0
2025-05-01 10:00:00,Hyderabad,25.0,64,0.0
2025-05-01 11:00:00,Hyderabad,23.3,68,0.0
2025-05-01 12:00:00,Hyderabad,26.4,89,0.0
2025-05-01 13:00:00,Hyderabad,19.7,84,0.0
2025-05-01 14:00:00,Hyderabad,26.6,76,0.0
2025-05-01 15:00:00,Hyderabad,27.5,80,0.5
2025-05-01 16:00:00,Hyderabad,24.8,80,0.0
2025-05-01 17:00:00,Hyderabad,24.1,88,0.0
2025-05-01 18:00:00,Hyderabad,27.8,65,0.0
2025-05-01 19:00:00,Hyderabad,27.0,80,0.3
2025-05-01 20:00:00,Hyderabad,29.7,78,0.0
2025-05-01 21:00:00,Hyderabad,24.1,75,0.0
2025-05-01 22:00:00,Hyderabad,24.5,62,1.7
2025-05-01 23:00:00,Hyderabad,27.1,80,0.0
2025-05-02 00:00:00,Hyderabad,26.9,64,1.1
2025-05-02 01:00:00,Hyderabad,22.1,74,0.0
2025-05-02 02:00:00,Hyderabad,20.5,89,0.0
2025-05-02 03:00:00,Hyderabad,26.3,85,0.0
2025-05-02 04:00:00,Hyderabad,22.0,70,0.0
2025-05-02 05:00:00,Hyderabad,28.8,66,0.0
2025-05-02 06:00:00,Hyderabad,30.0,74,0.0
2025-05-02 07:00:00,Hyderabad,27.1,62,3.0
2025-05-02 08:00:00,Hyderabad,24.9,70,0.0
2025-05-02 09:00:00,Hyderabad,24.4,73,0.0
2025-05-02 10:00:00,Hyderabad,26.8,76,0.0
2025-05-02 11:00:00,Hyderabad,23.3,83,0.0
2025-05-02 12:00:00,Hyderabad,24.2,88,0.0
2025-05-02 13:00:00,Hyderabad,21.7,66,0.0
2025-05-02 14:00:00,Hyderabad,23.1,75,0.0
2025-05-02 15:00:00,Hyderabad,20.5,79,0.0
2025-05-02 16:00:00,Hyderabad,24.2,66,0.0
2025-05-02 17:00:00,Hyderabad,27.2,76,1.1
2025-05-02 18:00:00,Hyderabad,27.9,64,0.0
2025-05-02 19:00:00,Hyderabad,25.4,71,0.0
2025-05-02 20:00:00,Hyderabad,30.4,64,0.0
2025-05-02 21:00:00,Hyderabad,23.5,73,0.0
2025-05-02 22:00:00,Hyderabad,25.0,81,0.0
2025-05-02 23:00:00,Hyderabad,24.9,85,0.0
2025-05-03 00:00:00,Hyderabad,22.7,62,0.0
2025-05-03 01:00:00,Hyderabad,24.2,75,0.0
2025-05-03 02:00:00,Hyderabad,24.6,61,0.0
2025-05-03 03:00:00,Hyderabad,20.4,81,0.0
2025-05-03 04:00:00,Hyderabad,26.4,61,4.0
2025-05-03 05:00:00,Hyderabad,23.4,68,0.0
2025-05-03 06:00:00,Hyderabad,22.3,75,0.0
2025-05-03 07:00:00,Hyderabad,26.2,68,0.0
2025-05-03 08:00:00,Hyderabad,22.9,64,2.1
2025-05-03 09:00:00,Hyderabad,20.5,64,3.3
2025-05-03 10:00:00,Hyderabad,19.1,60,0.0
2025-05-03 11:00:00,Hyderabad,24.7,77,0.0
2025-05-03 12:00:00,Hyderabad,22.9,67,0.0
2025-05-03 13:00:00,Hyderabad,18.5,76,0.0
2025-05-03 14:00:00,Hyderabad,24.2,76,0.0
2025-05-03 15:00:00,Hyderabad,22.8,77,0.0
2025-05-03 16:00:00,Hyderabad,19.7,64,0.0
2025-05-03 17:00:00,Hyderabad,26.5,82,0.0
2025-05-03 18:00:00,Hyderabad,27.1,81,0.0
2025-05-03 19:00:00,Hyderabad,23.8,86,2.6
2025-05-03 20:00:00,Hyderabad,24.8,66,0.0
2025-05-03 21:00:00,Hyderabad,30.1,73,0.0
2025-05-03 22:00:00,Hyderabad,22.5,76,0.0
2025-05-03 23:00:00,Hyderabad,24.0,69,0.0
2025-05-04 00:00:00,Hyderabad,25.2,69,0.0
2025-05-04 01:00:00,Hyderabad,21.9,87,1.8
2025-05-04 02:00:00,Hyderabad,25.4,80,4.5
2025-05-04 03:00:00,Hyderabad,25.6,85,1.1
2025-05-04 04:00:00,Hyderabad,23.7,69,2.9
2025-05-04 05:00:00,Hyderabad,22.2,85,1.8
2025-05-04 06:00:00,Hyderabad,25.9,61,2.0
2025-05-04 07:00:00,Hyderabad,22.8,79,0.0
2025-05-04 08:00:00,Hyderabad,23.3,76,0.5
2025-05-04 09:00:00,Hyderabad,26.6,68,0.0
2025-05-04 10:00:00,Hyderabad,28.3,70,0.4
2025-05-04 11:00:00,Hyderabad,22.5,60,0.0
2025-05-04 12:00:00,Hyderabad,26.7,60,0.0
2025-05-04 13:00:00,Hyderabad,29.2,66,0.0
2025-05-04 14:00:00,Hyderabad,23.2,78,0.0
2025-05-04 15:00:00,Hyderabad,17.5,81,0.0
2025-05-04 16:00:00,Hyderabad,26.0,86,0.0
2025-05-04 17:00:00,Hyderabad,24.4,73,0.0
2025-05-04 18:00:00,Hyderabad,29.0,65,4.4
2025-05-04 19:00:00,Hyderabad,25.7,70,0.0
2025-05-04 20:00:00,Hyderabad,22.7,79,0.0
2025-05-04 21:00:00,Hyderabad,22.2,75,0.0
2025-05-04 22:00:00,Hyderabad,28.9,80,2.0
2025-05-04 23:00:00,Hyderabad,23.8,84,4.5
2025-05-05 00:00:00,Hyderabad,25.4,69,0.0
2025-05-05 01:00:00,Hyderabad,23.8,76,0.0
2025-05-05 02:00:00,Hyderabad,25.8,79,0.0
2025-05-05 03:00:00,Hyderabad,28.5,60,3.8
2025-05-05 04:00:00,Hyderabad,26.4,78,4.1
2025-05-05 05:00:00,Hyderabad,27.7,75,0.0
2025-05-05 06:00:00,Hyderabad,26.2,70,4.5
2025-05-05 07:00:00,Hyderabad,24.7,78,0.0
2025-05-05 08:00:00,Hyderabad,29.7,88,0.0
2025-05-05 09:00:00,Hyderabad,28.1,84,2.9
2025-05-05 10:00:00,Hyderabad,23.5,85,0.0
2025-05-05 11:00:00,Hyderabad,26.6,68,0.0
2025-05-05 12:00:00,Hyderabad,30.4,62,0.0
2025-05-05 13:00:00,Hyderabad,26.1,70,1.5
2025-05-05 14:00:00,Hyderabad,24.7,83,0.0
2025-05-05 15:00:00,Hyderabad,28.6,60,0.0
2025-05-05 16:00:00,Hyderabad,20.4,82,3.1
2025-05-05 17:00:00,Hyderabad,21.3,85,3.9
2025-05-05 18:00:00,Hyderabad,24.3,87,4.9
2025-05-05 19:00:00,Hyderabad,30.2,76,0.0
2025-05-05 20:00:00,Hyderabad,24.3,71,1.8
2025-05-05 21:00:00,Hyderabad,26.5,82,0.0
2025-05-05 22:00:00,Hyderabad,28.6,88,1.5
2025-05-05 23:00:00,Hyderabad,27.9,75,0.0
2025-05-06 00:00:00,Hyderabad,28.7,68,0.0
2025-05-06 01:00:00,Hyderabad,25.4,64,2.5
2025-05-06 02:00:00,Hyderabad,30.3,68,0.0
2025-05-06 03:00:00,Hyderabad,29.3,71,0.0
2025-05-06 04:00:00,Hyderabad,28.6,67,1.7
2025-05-06 05:00:00,Hyderabad,26.2,85,0.0
2025-05-06 06:00:00,Hyderabad,23.3,65,4.8
2025-05-06 07:00:00,Hyderabad,24.1,86,0.0
2025-05-06 08:00:00,Hyderabad,23.1,66,0.0
2025-05-06 09:00:00,Hyderabad,26.7,83,0.0
2025-05-06 10:00:00,Hyderabad,24.4,60,2.5
2025-05-06 11:00:00,Hyderabad,24.6,68,0.0
2025-05-06 12:00:00,Hyderabad,22.5,83,0.0
2025-05-06 13:00:00,Hyderabad,27.6,77,4.5
2025-05-06 14:00:00,Hyderabad,30.0,86,0.0
2025-05-06 15:00:00,Hyderabad,24.5,81,0.0
2025-05-06 16:00:00,Hyderabad,21.9,69,0.2
2025-05-06 17:00:00,Hyderabad,29.2,73,4.7
2025-05-06 18:00:00,Hyderabad,27.0,63,3.9
2025-05-06 19:00:00,Hyderabad,21.4,60,0.0
2025-05-06 20:00:00,Hyderabad,28.8,83,0.0
2025-05-06 21:00:00,Hyderabad,27.4,67,0.0
2025-05-06 22:00:00,Hyderabad,24.9,73,0.0
2025-05-06 23:00:00,Hyderabad,29.9,73,0.0
2025-05-07 00:00:00,Hyderabad,19.7,86,0.0
2025-05-07 01:00:00,Hyderabad,17.8,65,0.0
2025-05-07 02:00:00,Hyderabad,20.0,79,0.0
2025-05-07 03:00:00,Hyderabad,22.5,78,0.0
2025-05-07 04:00:00,Hyderabad,28.3,83,0.0
2025-05-07 05:00:00,Hyderabad,26.5,65,0.1
2025-05-07 06:00:00,Hyderabad,25.2,66,4.7
2025-05-07 07:00:00,Hyderabad,28.1,63,1.7
2025-05-07 08:00:00,Hyderabad,23.7,74,2.2
2025-05-07 09:00:00,Hyderabad,24.0,89,0.0
2025-05-07 10:00:00,Hyderabad,26.0,70,2.6
2025-05-07 11:00:00,Hyderabad,26.9,71,0.0
2025-05-07 12:00:00,Hyderabad,23.2,66,0.0
2025-05-07 13:00:00,Hyderabad,26.2,87,0.0
2025-05-07 14:00:00,Hyderabad,26.4,63,0.0
2025-05-07 15:00:00,Hyderabad,26.7,71,0.0
2025-05-07 16:00:00,Hyderabad,24.1,83,0.8
2025-05-07 17:00:00,Hyderabad,27.7,85,0.1
2025-05-07 18:00:00,Hyderabad,27.9,80,0.0
2025-05-07 19:00:00,Hyderabad,31.6,74,0.0
2025-05-07 20:00:00,Hyderabad,31.1,61,0.0
2025-05-07 21:00:00,Hyderabad,28.2,83,0.0
2025-05-07 22:00:00,Hyderabad,24.0,65,0.0
2025-05-07 23:00:00,Hyderabad,24.7,73,0.0
2025-05-08 00:00:00,Hyderabad,29.2,83,4.1
2025-05-08 01:00:00,Hyderabad,21.8,68,0.0
2025-05-08 02:00:00,Hyderabad,28.5,63,0.0
2025-05-08 03:00:00,Hyderabad,21.3,83,4.2
2025-05-08 04:00:00,Hyderabad,32.0,78,0.0
2025-05-08 05:00:00,Hyderabad,27.1,82,0.0
2025-05-08 06:00:00,Hyderabad,27.9,66,0.0
2025-05-08 07:00:00,Hyderabad,26.3,67,0.0
2025-05-08 08:00:00,Hyderabad,21.8,63,0.0
2025-05-08 09:00:00,Hyderabad,25.4,84,0.0
2025-05-08 10:00:00,Hyderabad,20.4,76,4.1
2025-05-08 11:00:00,Hyderabad,29.0,71,0.0
2025-05-08 12:00:00,Hyderabad,22.1,77,0.0
2025-05-08 13:00:00,Hyderabad,21.0,78,0.0
2025-05-08 14:00:00,Hyderabad,24.7,82,0.0
2025-05-08 15:00:00,Hyderabad,21.2,85,0.0
2025-05-08 16:00:00,Hyderabad,23.1,84,2.0
2025-05-08 17:00:00,Hyderabad,20.6,86,0.0
2025-05-08 18:00:00,Hyderabad,26.3,74,0.0
2025-05-08 19:00:00,Hyderabad,27.8,78,0.0
2025-05-08 20:00:00,Hyderabad,26.8,71,0.0
2025-05-08 21:00:00,Hyderabad,24.7,74,0.0
2025-05-08 22:00:00,Hyderabad,25.3,87,0.0
2025-05-08 23:00:00,Hyderabad,23.3,81,0.0
2025-05-09 00:00:00,Hyderabad,21.0,82,3.2
2025-05-09 01:00:00,Hyderabad,29.5,80,0.0
2025-05-09 02:00:00,Hyderabad,25.8,83,3.4
2025-05-09 03:00:00,Hyderabad,24.2,84,0.0
2025-05-09 04:00:00,Hyderabad,28.6,74,1.1
2025-05-09 05:00:00,Hyderabad,22.6,85,0.0
2025-05-09 06:00:00,Hyderabad,27.7,68,0.0
2025-05-09 07:00:00,Hyderabad,26.2,76,0.0
2025-05-09 08:00:00,Hyderabad,28.7,69,3.5
2025-05-09 09:00:00,Hyderabad,29.2,83,0.0
2025-05-09 10:00:00,Hyderabad,25.3,81,0.0
2025-05-09 11:00:00,Hyderabad,21.1,74,4.7
2025-05-09 12:00:00,Hyderabad,30.1,71,0.0
2025-05-09 13:00:00,Hyderabad,28.0,89,0.0
2025-05-09 14:00:00,Hyderabad,30.3,66,0.0
2025-05-09 15:00:00,Hyderabad,25.8,70,0.0
2025-05-09 16:00:00,Hyderabad,26.0,89,3.8
2025-05-09 17:00:00,Hyderabad,25.4,81,4.4
2025-05-09 18:00:00,Hyderabad,22.1,70,0.0
2025-05-09 19:00:00,Hyderabad,21.2,70,0.0
2025-05-09 20:00:00,Hyderabad,30.5,71,0.0
2025-05-09 21:00:00,Hyderabad,31.3,83,0.0
2025-05-09 22:00:00,Hyderabad,30.0,77,0.0
2025-05-09 23:00:00,Hyderabad,24.8,77,0.4
2025-05-10 00:00:00,Hyderabad,23.1,64,0.4
2025-05-10 01:00:00,Hyderabad,28.2,88,0.0
2025-05-10 02:00:00,Hyderabad,21.7,62,0.0
2025-05-10 03:00:00,Hyderabad,30.8,61,0.0
2025-05-10 04:00:00,Hyderabad,26.4,80,1.8
2025-05-10 05:00:00,Hyderabad,29.2,68,2.8
2025-05-10 06:00:00,Hyderabad,21.9,76,0.0
2025-05-10 07:00:00,Hyderabad,27.7,62,2.8
2025-05-10 08:00:00,Hyderabad,27.4,88,0.0
2025-05-10 09:00:00,Hyderabad,24.3,83,0.0
2025-05-10 10:00:00,Hyderabad,23.6,67,2.4
2025-05-10 11:00:00,Hyderabad,22.5,76,2.2
2025-05-10 12:00:00,Hyderabad,20.5,88,3.8
2025-05-10 13:00:00,Hyderabad,28.2,68,0.0
2025-05-10 14:00:00,Hyderabad,27.9,68,0.0
2025-05-10 15:00:00,Hyderabad,24.2,75,0.0
2025-05-10 16:00:00,Hyderabad,25.6,60,0.0
2025-05-10 17:00:00,Hyderabad,32.7,65,0.0
2025-05-10 18:00:00,Hyderabad,27.8,65,0.0
2025-05-10 19:00:00,Hyderabad,24.8,76,0.0
2025-05-10 20:00:00,Hyderabad,20.6,80,5.0
2025-05-10 21:00:00,Hyderabad,27.2,68,0.0
2025-05-10 22:00:00,Hyderabad,21.8,80,0.0
2025-05-10 23:00:00,Hyderabad,24.3,65,0.0
2025-05-11 00:00:00,Hyderabad,25.1,79,0.8
2025-05-11 01:00:00,Hyderabad,23.8,69,2.6
2025-05-11 02:00:00,Hyderabad,23.1,63,3.5
2025-05-11 03:00:00,Hyderabad,24.2,79,0.0
2025-05-11 04:00:00,Hyderabad,23.4,78,0.0
2025-05-11 05:00:00,Hyderabad,22.5,61,0.8
2025-05-11 06:00:00,Hyderabad,25.1,71,3.4
2025-05-11 07:00:00,Hyderabad,27.3,83,3.4
2025-05-11 08:00:00,Hyderabad,28.5,88,0.0
2025-05-11 09:00:00,Hyderabad,25.2,85,0.0
2025-05-11 10:00:00,Hyderabad,22.5,61,0.0
2025-05-11 11:00:00,Hyderabad,26.3,75,0.0
2025-05-11 12:00:00,Hyderabad,25.9,84,3.2
2025-05-11 13:00:00,Hyderabad,23.9,61,3.0
2025-05-11 14:00:00,Hyderabad,26.8,61,0.0
2025-05-11 15:00:00,Hyderabad,23.4,85,3.7
2025-05-11 16:00:00,Hyderabad,30.0,63,0.0
2025-05-11 17:00:00,Hyderabad,20.5,84,0.0
2025-05-11 18:00:00,Hyderabad,16.5,73,4.2
2025-05-11 19:00:00,Hyderabad,23.9,77,0.0
2025-05-11 20:00:00,Hyderabad,29.5,88,0.0
2025-05-11 21:00:00,Hyderabad,23.7,66,0.0
2025-05-11 22:00:00,Hyderabad,29.9,71,0.0
2025-05-11 23:00:00,Hyderabad,31.0,76,3.0
2025-05-12 00:00:00,Hyderabad,24.1,63,0.0
2025-05-12 01:00:00,Hyderabad,24.5,81,0.8
2025-05-12 02:00:00,Hyderabad,26.2,65,0.0
2025-05-12 03:00:00,Hyderabad,27.8,69,0.0
2025-05-12 04:00:00,Hyderabad,30.8,81,0.0
2025-05-12 05:00:00,Hyderabad,23.9,66,0.0
2025-05-12 06:00:00,Hyderabad,24.8,68,0.0
2025-05-12 07:00:00,Hyderabad,21.8,75,0.0
2025-05-12 08:00:00,Hyderabad,23.6,68,0.0
2025-05-12 09:00:00,Hyderabad,22.0,86,2.9
2025-05-12 10:00:00,Hyderabad,29.5,77,1.4
2025-05-12 11:00:00,Hyderabad,31.1,65,0.0
2025-05-12 12:00:00,Hyderabad,28.5,81,0.0
2025-05-12 13:00:00,Hyderabad,24.5,74,0.0
2025-05-12 14:00:00,Hyderabad,21.5,67,2.5
2025-05-12 15:00:00,Hyderabad,29.2,60,0.0
2025-05-12 16:00:00,Hyderabad,18.7,77,4.0
2025-05-12 17:00:00,Hyderabad,25.1,77,4.0
2025-05-12 18:00:00,Hyderabad,31.2,86,0.0
2025-05-12 19:00:00,Hyderabad,20.1,60,3.2
2025-05-12 20:00:00,Hyderabad,23.8,89,0.0
2025-05-12 21:00:00,Hyderabad,26.6,69,2.9
2025-05-12 22:00:00,Hyderabad,22.3,79,0.0
2025-05-12 23:00:00,Hyderabad,24.2,66,0.6
2025-05-13 00:00:00,Hyderabad,22.1,75,0.0
2025-05-13 01:00:00,Hyderabad,27.4,75,3.9
2025-05-13 02:00:00,Hyderabad,23.8,65,1.4
2025-05-13 03:00:00,Hyderabad,28.9,82,0.0
2025-05-13 04:00:00,Hyderabad,24.6,83,0.0
2025-05-13 05:00:00,Hyderabad,32.1,83,0.9
2025-05-13 06:00:00,Hyderabad,22.1,61,0.0
2025-05-13 07:00:00,Hyderabad,22.6,76,0.0
2025-05-13 08:00:00,Hyderabad,21.1,89,0.3
2025-05-13 09:00:00,Hyderabad,29.0,65,0.0
2025-05-13 10:00:00,Hyderabad,26.5,63,0.0
2025-05-13 11:00:00,Hyderabad,19.1,88,0.0
2025-05-13 12:00:00,Hyderabad,23.9,71,0.0
2025-05-13 13:00:00,Hyderabad,19.4,85,0.0
2025-05-13 14:00:00,Hyderabad,23.5,60,4.8
2025-05-13 15:00:00,Hyderabad,31.4,81,0.0
2025-05-13 16:00:00,Hyderabad,23.0,86,0.8
2025-05-13 17:00:00,Hyderabad,28.6,83,0.0
2025-05-13 18:00:00,Hyderabad,22.1,62,0.0
2025-05-13 19:00:00,Hyderabad,21.3,71,0.0
2025-05-13 20:00:00,Hyderabad,24.1,78,0.0
2025-05-13 21:00:00,Hyderabad,25.7,87,0.0
2025-05-13 22:00:00,Hyderabad,22.0,76,2.9
2025-05-13 23:00:00,Hyderabad,24.5,78,4.2
2025-05-14 00:00:00,Hyderabad,26.2,86,0.0
2025-05-14 01:00:00,Hyderabad,21.2,80,0.0
2025-05-14 02:00:00,Hyderabad,25.0,69,3.4
2025-05-14 03:00:00,Hyderabad,25.0,81,3.7
2025-05-14 04:00:00,Hyderabad,25.9,66,2.0
2025-05-14 05:00:00,Hyderabad,25.1,70,0.0
2025-05-14 06:00:00,Hyderabad,27.4,83,0.0
2025-05-14 07:00:00,Hyderabad,21.6,74,0.0
2025-05-14 08:00:00,Hyderabad,20.1,68,0.0
2025-05-14 09:00:00,Hyderabad,22.9,61,0.0
2025-05-14 10:00:00,Hyderabad,25.1,61,0.0
2025-05-14 11:00:00,Hyderabad,28.4,80,0.0
2025-05-14 12:00:00,Hyderabad,25.0,67,2.8
2025-05-14 13:00:00,Hyderabad,24.3,71,0.0
2025-05-14 14:00:00,Hyderabad,23.3,70,4.4
2025-05-14 15:00:00,Hyderabad,24.3,65,0.0
2025-05-14 16:00:00,Hyderabad,27.2,73,3.4
2025-05-14 17:00:00,Hyderabad,23.3,81,0.0
2025-05-14 18:00:00,Hyderabad,25.9,65,1.5
2025-05-14 19:00:00,Hyderabad,20.4,73,0.0
2025-05-14 20:00:00,Hyderabad,25.9,76,0.0
2025-05-14 21:00:00,Hyderabad,25.6,62,0.0
2025-05-14 22:00:00,Hyderabad,25.3,70,0.0
2025-05-14 23:00:00,Hyderabad,27.9,77,0.0
2025-05-15 00:00:00,Hyderabad,24.4,69,4.6
2025-05-15 01:00:00,Hyderabad,22.9,87,2.3
2025-05-15 02:00:00,Hyderabad,21.0,72,0.0
2025-05-15 03:00:00,Hyderabad,25.7,87,0.0
2025-05-15 04:00:00,Hyderabad,26.1,68,1.6
2025-05-15 05:00:00,Hyderabad,27.0,80,0.0
2025-05-15 06:00:00,Hyderabad,26.5,61,0.0
2025-05-15 07:00:00,Hyderabad,26.3,81,0.0
2025-05-15 08:00:00,Hyderabad,24.9,75,0.3
2025-05-15 09:00:00,Hyderabad,29.7,79,0.0
2025-05-15 10:00:00,Hyderabad,23.5,63,4.4
2025-05-15 11:00:00,Hyderabad,27.9,78,0.0
2025-05-15 12:00:00,Hyderabad,22.4,64,0.0
2025-05-15 13:00:00,Hyderabad,24.9,69,0.0
2025-05-15 14:00:00,Hyderabad,24.4,89,0.0
2025-05-15 15:00:00,Hyderabad,24.1,62,0.0
2025-05-15 16:00:00,Hyderabad,26.6,65,0.0
2025-05-15 17:00:00,Hyderabad,29.4,73,0.0
2025-05-15 18:00:00,Hyderabad,26.3,74,0.0
2025-05-15 19:00:00,Hyderabad,23.6,60,0.0
2025-05-15 20:00:00,Hyderabad,21.0,87,0.0
2025-05-15 21:00:00,Hyderabad,20.8,69,0.0
2025-05-15 22:00:00,Hyderabad,22.0,82,0.0
2025-05-15 23:00:00,Hyderabad,27.7,83,4.4
2025-05-16 00:00:00,Hyderabad,25.9,88,3.5
2025-05-16 01:00:00,Hyderabad,32.7,84,0.4
2025-05-16 02:00:00,Hyderabad,22.5,89,1.2
2025-05-16 03:00:00,Hyderabad,28.1,74,0.0
2025-05-16 04:00:00,Hyderabad,24.9,64,0.0
2025-05-16 05:00:00,Hyderabad,26.7,72,0.0
2025-05-16 06:00:00,Hyderabad,30.8,84,0.1
2025-05-16 07:00:00,Hyderabad,22.8,85,0.0
2025-05-16 08:00:00,Hyderabad,22.2,84,0.0
2025-05-16 09:00:00,Hyderabad,28.2,69,0.0
2025-05-16 10:00:00,Hyderabad,26.9,79,4.7
2025-05-16 11:00:00,Hyderabad,22.5,76,2.7
2025-05-16 12:00:00,Hyderabad,23.9,88,0.0
2025-05-16 13:00:00,Hyderabad,25.0,68,4.0
2025-05-16 14:00:00,Hyderabad,25.2,87,0.0
2025-05-16 15:00:00,Hyderabad,27.5,67,0.0
2025-05-16 16:00:00,Hyderabad,26.4,83,0.0
2025-05-16 17:00:00,Hyderabad,24.7,78,0.0
2025-05-16 18:00:00,Hyderabad,27.0,65,4.1
2025-05-16 19:00:00,Hyderabad,25.6,88,0.0
2025-05-16 20:00:00,Hyderabad,26.4,63,0.0
2025-05-16 21:00:00,Hyderabad,22.6,61,0.0
2025-05-16 22:00:00,Hyderabad,22.3,69,1.5
2025-05-16 23:00:00,Hyderabad,25.0,76,0.5
2025-05-17 00:00:00,Hyderabad,29.3,83,0.0
2025-05-17 01:00:00,Hyderabad,27.8,73,0.0
2025-05-17 02:00:00,Hyderabad,25.1,60,0.3
2025-05-17 03:00:00,Hyderabad,21.3,88,1.2
2025-05-17 04:00:00,Hyderabad,22.4,79,0.0
2025-05-17 05:00:00,Hyderabad,29.8,63,0.0
2025-05-17 06:00:00,Hyderabad,24.5,80,0.0
2025-05-17 07:00:00,Hyderabad,25.9,86,0.0
2025-05-17 08:00:00,Hyderabad,25.4,80,0.0
2025-05-17 09:00:00,Hyderabad,23.4,66,2.8
2025-05-17 10:00:00,Hyderabad,20.8,74,0.0
2025-05-17 11:00:00,Hyderabad,28.0,68,2.8
2025-05-17 12:00:00,Hyderabad,28.4,75,3.9
2025-05-17 13:00:00,Hyderabad,28.8,88,0.0
2025-05-17 14:00:00,Hyderabad,25.6,86,0.0
2025-05-17 15:00:00,Hyderabad,27.5,82,3.8
2025-05-17 16:00:00,Hyderabad,21.9,74,0.0
2025-05-17 17:00:00,Hyderabad,18.9,73,0.0
2025-05-17 18:00:00,Hyderabad,19.0,69,4.9
2025-05-17 19:00:00,Hyderabad,27.0,66,0.0
2025-05-17 20:00:00,Hyderabad,18.3,60,0.0
2025-05-17 21:00:00,Hyderabad,21.3,85,0.0
2025-05-17 22:00:00,Hyderabad,24.5,60,0.0
2025-05-17 23:00:00,Hyderabad,21.7,87,0.0
2025-05-18 00:00:00,Hyderabad,23.4,88,0.0
2025-05-18 01:00:00,Hyderabad,20.0,71,0.0
2025-05-18 02:00:00,Hyderabad,22.7,82,0.0
2025-05-18 03:00:00,Hyderabad,19.9,70,4.4
2025-05-18 04:00:00,Hyderabad,22.8,67,0.0
2025-05-18 05:00:00,Hyderabad,21.9,60,0.0
2025-05-18 06:00:00,Hyderabad,19.5,85,0.0
2025-05-18 07:00:00,Hyderabad,30.2,88,3.2
2025-05-18 08:00:00,Hyderabad,20.6,85,0.0
2025-05-18 09:00:00,Hyderabad,28.3,79,0.0
2025-05-18 10:00:00,Hyderabad,23.0,74,0.0
2025-05-18 11:00:00,Hyderabad,27.4,69,0.0
2025-05-18 12:00:00,Hyderabad,26.1,80,4.0
2025-05-18 13:00:00,Hyderabad,24.7,78,0.0
2025-05-18 14:00:00,Hyderabad,31.2,76,0.0
2025-05-18 15:00:00,Hyderabad,26.3,70,0.0
2025-05-18 16:00:00,Hyderabad,25.2,73,0.0
2025-05-18 17:00:00,Hyderabad,24.6,88,0.3
2025-05-18 18:00:00,Hyderabad,20.1,62,0.0
2025-05-18 19:00:00,Hyderabad,25.5,65,0.0
2025-05-18 20:00:00,Hyderabad,21.1,80,0.1
2025-05-18 21:00:00,Hyderabad,22.0,89,0.8
2025-05-18 22:00:00,Hyderabad,25.2,75,0.0
2025-05-18 23:00:00,Hyderabad,25.6,79,2.8
2025-05-19 00:00:00,Hyderabad,23.5,69,1.4
2025-05-19 01:00:00,Hyderabad,22.6,73,3.6
2025-05-19 02:00:00,Hyderabad,25.7,67,0.0
2025-05-19 03:00:00,Hyderabad,24.3,73,0.0
2025-05-19 04:00:00,Hyderabad,23.8,89,0.0
2025-05-19 05:00:00,Hyderabad,27.2,77,0.0
2025-05-19 06:00:00,Hyderabad,23.7,79,0.0
2025-05-19 07:00:00,Hyderabad,23.5,69,4.6
2025-05-19 08:00:00,Hyderabad,24.1,71,0.0
2025-05-19 09:00:00,Hyderabad,27.2,72,0.0
2025-05-19 10:00:00,Hyderabad,30.4,62,2.1
2025-05-19 11:00:00,Hyderabad,27.8,81,1.7
2025-05-19 12:00:00,Hyderabad,26.9,89,0.0
2025-05-19 13:00:00,Hyderabad,22.4,85,4.8
2025-05-19 14:00:00,Hyderabad,24.9,81,0.0
2025-05-19 15:00:00,Hyderabad,24.5,84,0.0
2025-05-19 16:00:00,Hyderabad,23.9,81,1.1
2025-05-19 17:00:00,Hyderabad,24.5,86,2.6
2025-05-19 18:00:00,Hyderabad,25.3,82,0.0
2025-05-19 19:00:00,Hyderabad,26.0,60,4.5
2025-05-19 20:00:00,Hyderabad,29.7,89,0.0
2025-05-19 21:00:00,Hyderabad,31.5,86,0.0
2025-05-19 22:00:00,Hyderabad,19.5,89,0.4
2025-05-19 23:00:00,Hyderabad,17.5,81,2.9
2025-05-20 00:00:00,Hyderabad,25.9,87,2.6
2025-05-20 01:00:00,Hyderabad,22.8,62,3.4
2025-05-20 02:00:00,Hyderabad,23.9,60,4.3
2025-05-20 03:00:00,Hyderabad,22.8,87,0.0
2025-05-20 04:00:00,Hyderabad,25.1,85,0.0
2025-05-20 05:00:00,Hyderabad,28.6,82,0.0
2025-05-20 06:00:00,Hyderabad,27.3,88,0.0
2025-05-20 07:00:00,Hyderabad,22.9,71,0.0
2025-05-20 08:00:00,Hyderabad,27.6,88,0.4
2025-05-20 09:00:00,Hyderabad,20.5,67,0.0
2025-05-20 10:00:00,Hyderabad,18.4,77,0.0
2025-05-20 11:00:00,Hyderabad,20.2,67,0.0
2025-05-20 12:00:00,Hyderabad,25.6,84,0.0
2025-05-20 13:00:00,Hyderabad,22.8,81,0.0
2025-05-20 14:00:00,Hyderabad,27.2,60,0.0
2025-05-20 15:00:00,Hyderabad,30.1,72,0.0
2025-05-20 16:00:00,Hyderabad,25.7,84,0.0
2025-05-20 17:00:00,Hyderabad,28.5,62,1.5
2025-05-20 18:00:00,Hyderabad,24.3,81,0.0
2025-05-20 19:00:00,Hyderabad,24.6,88,3.0
2025-05-20 20:00:00,Hyderabad,24.5,79,3.8
2025-05-20 21:00:00,Hyderabad,24.5,89,1.9
2025-05-20 22:00:00,Hyderabad,28.6,89,0.0
2025-05-20 23:00:00,Hyderabad,20.8,64,0.0
2025-05-21 00:00:00,Hyderabad,25.8,73,0.0
2025-05-21 01:00:00,Hyderabad,22.8,72,0.0
2025-05-21 02:00:00,Hyderabad,25.2,66,2.6
2025-05-21 03:00:00,Hyderabad,20.7,72,0.0
2025-05-21 04:00:00,Hyderabad,24.3,64,4.2
2025-05-21 05:00:00,Hyderabad,22.9,61,4.9
2025-05-21 06:00:00,Hyderabad,26.4,63,0.0
2025-05-21 07:00:00,Hyderabad,28.3,64,0.0
2025-05-21 08:00:00,Hyderabad,25.6,89,0.0
2025-05-21 09:00:00,Hyderabad,20.9,72,2.4
2025-05-21 10:00:00,Hyderabad,24.8,68,0.0
2025-05-21 11:00:00,Hyderabad,23.9,67,0.0
2025-05-21 12:00:00,Hyderabad,24.5,77,4.4
2025-05-21 13:00:00,Hyderabad,28.4,62,0.0
2025-05-21 14:00:00,Hyderabad,27.5,86,0.0
2025-05-21 15:00:00,Hyderabad,23.7,85,0.0
2025-05-21 16:00:00,Hyderabad,24.2,73,0.0
2025-05-21 17:00:00,Hyderabad,21.1,66,0.0
2025-05-21 18:00:00,Hyderabad,24.3,66,1.7
2025-05-21 19:00:00,Hyderabad,24.0,70,0.0
2025-05-21 20:00:00,Hyderabad,24.1,89,0.0
2025-05-21 21:00:00,Hyderabad,27.2,82,0.0
2025-05-21 22:00:00,Hyderabad,25.7,69,2.0
2025-05-21 23:00:00,Hyderabad,25.9,68,0.0
2025-05-22 00:00:00,Hyderabad,24.9,88,0.0
2025-05-22 01:00:00,Hyderabad,24.3,61,0.0
2025-05-22 02:00:00,Hyderabad,20.7,69,0.0
2025-05-22 03:00:00,Hyderabad,24.0,77,0.0
2025-05-22 04:00:00,Hyderabad,27.6,79,0.4
2025-05-22 05:00:00,Hyderabad,28.7,83,0.0
2025-05-22 06:00:00,Hyderabad,18.4,67,0.0
2025-05-22 07:00:00,Hyderabad,25.7,73,0.0
2025-05-22 08:00:00,Hyderabad,24.5,86,0.0
2025-05-22 09:00:00,Hyderabad,29.9,85,0.0
2025-05-22 10:00:00,Hyderabad,27.7,70,0.0
2025-05-22 11:00:00,Hyderabad,26.5,84,4.9
2025-05-22 12:00:00,Hyderabad,25.4,67,0.0
2025-05-22 13:00:00,Hyderabad,20.4,60,0.6
2025-05-22 14:00:00,Hyderabad,21.4,68,0.0
2025-05-22 15:00:00,Hyderabad,19.6,73,1.6
2025-05-22 16:00:00,Hyderabad,26.0,88,0.0
2025-05-22 17:00:00,Hyderabad,31.2,73,4.8
2025-05-22 18:00:00,Hyderabad,22.9,79,4.5
2025-05-22 19:00:00,Hyderabad,28.3,70,0.0
2025-05-22 20:00:00,Hyderabad,19.4,69,0.0
2025-05-22 21:00:00,Hyderabad,23.3,82,0.0
2025-05-22 22:00:00,Hyderabad,27.8,89,1.5
2025-05-22 23:00:00,Hyderabad,25.0,68,0.0
2025-05-23 00:00:00,Hyderabad,26.8,63,0.0
2025-05-23 01:00:00,Hyderabad,25.5,63,0.0
2025-05-23 02:00:00,Hyderabad,32.7,88,0.0
2025-05-23 03:00:00,Hyderabad,19.3,75,0.0
2025-05-23 04:00:00,Hyderabad,28.7,71,0.0
2025-05-23 05:00:00,Hyderabad,24.8,89,0.0
2025-05-23 06:00:00,Hyderabad,24.0,81,0.0
2025-05-23 07:00:00,Hyderabad,25.0,65,0.0
2025-05-23 08:00:00,Hyderabad,25.3,60,0.0
2025-05-23 09:00:00,Hyderabad,21.3,78,0.0
2025-05-23 10:00:00,Hyderabad,22.2,77,0.0
2025-05-23 11:00:00,Hyderabad,23.7,62,0.0
2025-05-23 12:00:00,Hyderabad,27.4,61,0.5
2025-05-23 13:00:00,Hyderabad,25.7,81,0.0
2025-05-23 14:00:00,Hyderabad,28.5,62,0.0
2025-05-23 15:00:00,Hyderabad,26.6,78,4.1
2025-05-23 16:00:00,Hyderabad,28.8,70,0.0
2025-05-23 17:00:00,Hyderabad,20.0,66,0.0
2025-05-23 18:00:00,Hyderabad,26.1,66,2.1
2025-05-23 19:00:00,Hyderabad,26.7,86,0.0
2025-05-23 20:00:00,Hyderabad,30.7,82,0.0
2025-05-23 21:00:00,Hyderabad,26.7,70,0.0
2025-05-23 22:00:00,Hyderabad,29.7,61,1.2
2025-05-23 23:00:00,Hyderabad,27.9,76,4.6
2025-05-24 00:00:00,Hyderabad,22.1,76,0.0
2025-05-24 01:00:00,Hyderabad,24.2,64,0.0
2025-05-24 02:00:00,Hyderabad,29.8,72,0.0
2025-05-24 03:00:00,Hyderabad,25.7,67,0.0
2025-05-24 04:00:00,Hyderabad,24.7,71,0.0
2025-05-24 05:00:00,Hyderabad,23.4,66,1.7
2025-05-24 06:00:00,Hyderabad,21.0,68,0.0
2025-05-24 07:00:00,Hyderabad,24.7,72,0.0
2025-05-24 08:00:00,Hyderabad,30.1,78,0.0
2025-05-24 09:00:00,Hyderabad,30.1,81,1.8
2025-05-24 10:00:00,Hyderabad,22.8,88,0.4
2025-05-24 11:00:00,Hyderabad,21.2,88,0.0
2025-05-24 12:00:00,Hyderabad,24.9,68,0.0
2025-05-24 13:00:00,Hyderabad,25.3,67,0.0
2025-05-24 14:00:00,Hyderabad,32.6,77,0.0
2025-05-24 15:00:00,Hyderabad,24.6,61,0.6
2025-05-24 16:00:00,Hyderabad,22.1,62,2.1
2025-05-24 17:00:00,Hyderabad,24.4,61,2.9
2025-05-24 18:00:00,Hyderabad,26.0,72,0.0
2025-05-24 19:00:00,Hyderabad,27.8,85,0.0
2025-05-24 20:00:00,Hyderabad,24.8,75,0.0
2025-05-24 21:00:00,Hyderabad,26.8,70,0.0
2025-05-24 22:00:00,Hyderabad,26.2,68,0.0
2025-05-24 23:00:00,Hyderabad,23.9,71,0.0
2025-05-25 00:00:00,Hyderabad,29.8,80,0.0
2025-05-25 01:00:00,Hyderabad,30.6,86,0.0
2025-05-25 02:00:00,Hyderabad,26.2,87,0.0
2025-05-25 03:00:00,Hyderabad,24.3,70,0.0
2025-05-25 04:00:00,Hyderabad,27.3,76,0.0
2025-05-25 05:00:00,Hyderabad,25.0,83,2.1
2025-05-25 06:00:00,Hyderabad,23.5,62,2.6
2025-05-25 07:00:00,Hyderabad,27.5,63,0.0
2025-05-25 08:00:00,Hyderabad,31.2,72,0.0
2025-05-25 09:00:00,Hyderabad,21.8,78,0.0
2025-05-25 10:00:00,Hyderabad,22.7,71,0.1
2025-05-25 11:00:00,Hyderabad,20.8,75,2.1
2025-05-25 12:00:00,Hyderabad,25.7,61,2.2
2025-05-25 13:00:00,Hyderabad,24.8,85,0.0
2025-05-25 14:00:00,Hyderabad,20.4,62,0.3
2025-05-25 15:00:00,Hyderabad,27.9,81,4.2
2025-05-25 16:00:00,Hyderabad,24.4,67,1.7
2025-05-25 17:00:00,Hyderabad,21.3,60,0.0
2025-05-25 18:00:00,Hyderabad,25.7,72,4.6
2025-05-25 19:00:00,Hyderabad,23.5,74,0.6
2025-05-25 20:00:00,Hyderabad,24.6,68,0.0
2025-05-25 21:00:00,Hyderabad,27.2,62,0.0
2025-05-25 22:00:00,Hyderabad,23.5,69,0.0
2025-05-25 23:00:00,Hyderabad,18.0,63,4.3
2025-05-26 00:00:00,Hyderabad,25.9,68,4.6
2025-05-26 01:00:00,Hyderabad,27.1,80,0.0
2025-05-26 02:00:00,Hyderabad,26.0,85,0.0
2025-05-26 03:00:00,Hyderabad,25.4,88,0.0
2025-05-26 04:00:00,Hyderabad,22.0,70,0.0
2025-05-26 05:00:00,Hyderabad,28.7,63,0.0
2025-05-26 06:00:00,Hyderabad,24.8,72,0.0
2025-05-26 07:00:00,Hyderabad,27.0,66,0.0
2025-05-26 08:00:00,Hyderabad,30.7,85,0.0
2025-05-26 09:00:00,Hyderabad,20.8,73,0.0
2025-05-26 10:00:00,Hyderabad,24.8,88,0.5
2025-05-26 11:00:00,Hyderabad,24.8,82,0.0
2025-05-26 12:00:00,Hyderabad,27.6,73,1.2
2025-05-26 13:00:00,Hyderabad,21.0,76,0.0
2025-05-26 14:00:00,Hyderabad,23.3,89,0.0
2025-05-26 15:00:00,Hyderabad,21.4,60,0.0
2025-05-26 16:00:00,Hyderabad,22.5,81,5.0
2025-05-26 17:00:00,Hyderabad,26.6,74,0.0
2025-05-26 18:00:00,Hyderabad,25.9,76,0.0
2025-05-26 19:00:00,Hyderabad,22.1,63,0.0
2025-05-26 20:00:00,Hyderabad,21.5,84,0.2
2025-05-26 21:00:00,Hyderabad,28.4,78,0.0
2025-05-26 22:00:00,Hyderabad,27.1,87,0.0
2025-05-26 23:00:00,Hyderabad,20.9,75,0.0
2025-05-27 00:00:00,Hyderabad,26.3,74,0.0
2025-05-27 01:00:00,Hyderabad,26.6,77,2.1
2025-05-27 02:00:00,Hyderabad,27.2,66,0.0
2025-05-27 03:00:00,Hyderabad,30.3,74,0.0
2025-05-27 04:00:00,Hyderabad,25.1,66,1.5
2025-05-27 05:00:00,Hyderabad,25.2,76,0.0
2025-05-27 06:00:00,Hyderabad,31.7,81,0.0
2025-05-27 07:00:00,Hyderabad,26.7,69,0.0
2025-05-27 08:00:00,Hyderabad,23.3,82,0.0
2025-05-27 09:00:00,Hyderabad,26.4,64,1.1
2025-05-27 10:00:00,Hyderabad,26.3,81,0.1
2025-05-27 11:00:00,Hyderabad,34.2,73,0.0
2025-05-27 12:00:00,Hyderabad,21.9,81,0.0
2025-05-27 13:00:00,Hyderabad,29.0,66,0.0
2025-05-27 14:00:00,Hyderabad,29.2,64,0.0
2025-05-27 15:00:00,Hyderabad,20.9,67,0.0
2025-05-27 16:00:00,Hyderabad,20.4,74,0.0
2025-05-27 17:00:00,Hyderabad,22.7,68,4.6
2025-05-27 18:00:00,Hyderabad,27.9,72,0.0
2025-05-27 19:00:00,Hyderabad,29.0,60,0.0
2025-05-27 20:00:00,Hyderabad,25.7,63,0.0
2025-05-27 21:00:00,Hyderabad,25.6,62,2.7
2025-05-27 22:00:00,Hyderabad,29.1,80,0.0
2025-05-27 23:00:00,Hyderabad,19.3,66,0.0
2025-05-28 00:00:00,Hyderabad,24.1,64,0.0
2025-05-28 01:00:00,Hyderabad,23.0,89,3.7
2025-05-28 02:00:00,Hyderabad,27.9,83,0.0
2025-05-28 03:00:00,Hyderabad,24.9,85,1.4
2025-05-28 04:00:00,Hyderabad,29.0,74,0.0
2025-05-28 05:00:00,Hyderabad,24.8,67,0.0
2025-05-28 06:00:00,Hyderabad,20.8,60,0.0
2025-05-28 07:00:00,Hyderabad,22.3,85,0.0
2025-05-28 08:00:00,Hyderabad,27.7,78,1.3
2025-05-28 09:00:00,Hyderabad,25.9,65,0.0
2025-05-28 10:00:00,Hyderabad,24.4,72,0.0
2025-05-28 11:00:00,Hyderabad,24.5,79,0.0
2025-05-28 12:00:00,Hyderabad,30.0,83,0.0
2025-05-28 13:00:00,Hyderabad,26.5,77,0.0
2025-05-28 14:00:00,Hyderabad,19.7,78,0.0
2025-05-28 15:00:00,Hyderabad,19.5,60,0.0
2025-05-28 16:00:00,Hyderabad,29.9,69,0.0
2025-05-28 17:00:00,Hyderabad,23.6,89,0.0
2025-05-28 18:00:00,Hyderabad,23.1,82,0.2
2025-05-28 19:00:00,Hyderabad,35.5,68,0.0
2025-05-28 20:00:00,Hyderabad,29.2,66,0.0
2025-05-28 21:00:00,Hyderabad,25.1,83,0.0
2025-05-28 22:00:00,Hyderabad,29.5,63,0.0
2025-05-28 23:00:00,Hyderabad,28.5,70,0.0
2025-05-29 00:00:00,Hyderabad,21.9,78,0.0
2025-05-29 01:00:00,Hyderabad,23.8,65,2.1
2025-05-29 02:00:00,Hyderabad,23.3,79,1.6
2025-05-29 03:00:00,Hyderabad,20.4,88,0.0
2025-05-29 04:00:00,Hyderabad,22.6,68,0.0
2025-05-29 05:00:00,Hyderabad,26.6,61,0.0
2025-05-29 06:00:00,Hyderabad,15.7,80,0.0
2025-05-29 07:00:00,Hyderabad,23.6,79,0.0
2025-05-29 08:00:00,Hyderabad,26.6,60,0.0
2025-05-29 09:00:00,Hyderabad,23.8,63,0.0
2025-05-29 10:00:00,Hyderabad,27.1,76,1.8
2025-05-29 11:00:00,Hyderabad,24.5,62,4.3
2025-05-29 12:00:00,Hyderabad,28.6,66,0.0
2025-05-29 13:00:00,Hyderabad,28.0,75,3.1
2025-05-29 14:00:00,Hyderabad,25.8,70,0.0
2025-05-29 15:00:00,Hyderabad,24.6,66,0.0
2025-05-29 16:00:00,Hyderabad,23.8,64,0.0
2025-05-29 17:00:00,Hyderabad,31.2,61,0.0
2025-05-29 18:00:00,Hyderabad,24.5,69,2.2
2025-05-29 19:00:00,Hyderabad,26.0,69,0.0
2025-05-29 20:00:00,Hyderabad,21.0,87,0.0
2025-05-29 21:00:00,Hyderabad,28.9,62,0.0
2025-05-29 22:00:00,Hyderabad,21.1,75,0.0
2025-05-29 23:00:00,Hyderabad,25.9,66,0.0
2025-05-30 00:00:00,Hyderabad,23.9,79,0.0
2025-05-01 00:00:00,Chennai,30.9,79,0.0
2025-05-01 01:00:00,Chennai,34.6,80,3.7
2025-05-01 02:00:00,Chennai,29.1,88,0.0
2025-05-01 03:00:00,Chennai,30.5,75,0.0
2025-05-01 04:00:00,Chennai,35.2,69,0.0
2025-05-01 05:00:00,Chennai,28.1,66,1.3
2025-05-01 06:00:00,Chennai,33.4,84,0.0
2025-05-01 07:00:00,Chennai,30.7,61,0.0
2025-05-01 08:00:00,Chennai,34.2,67,2.8
2025-05-01 09:00:00,Chennai,32.9,71,0.0
2025-05-01 10:00:00,Chennai,35.1,86,0.0
2025-05-01 11:00:00,Chennai,24.6,80,0.0
2025-05-01 12:00:00,Chennai,26.1,63,0.0
2025-05-01 13:00:00,Chennai,28.0,64,3.7
2025-05-01 14:00:00,Chennai,27.2,66,0.0
2025-05-01 15:00:00,Chennai,25.1,79,0.0
2025-05-01 16:00:00,Chennai,25.3,69,4.1
2025-05-01 17:00:00,Chennai,32.1,81,0.0
2025-05-01 18:00:00,Chennai,36.1,77,0.0
2025-05-01 19:00:00,Chennai,25.9,72,0.0
2025-05-01 20:00:00,Chennai,29.0,87,0.0
2025-05-01 21:00:00,Chennai,31.2,86,0.0
2025-05-01 22:00:00,Chennai,29.7,86,0.0
2025-05-01 23:00:00,Chennai,28.1,67,0.0
2025-05-02 00:00:00,Chennai,31.8,84,1.4
2025-05-02 01:00:00,Chennai,33.2,75,0.0
2025-05-02 02:00:00,Chennai,33.1,85,0.0
2025-05-02 03:00:00,Chennai,29.4,89,2.0
2025-05-02 04:00:00,Chennai,33.4,63,4.5
2025-05-02 05:00:00,Chennai,30.0,84,0.0
2025-05-02 06:00:00,Chennai,30.5,81,0.0
2025-05-02 07:00:00,Chennai,28.6,61,0.0
2025-05-02 08:00:00,Chennai,31.4,63,0.0
2025-05-02 09:00:00,Chennai,26.5,63,0.0
2025-05-02 10:00:00,Chennai,26.0,71,2.6
2025-05-02 11:00:00,Chennai,27.6,71,0.0
2025-05-02 12:00:00,Chennai,27.0,85,0.0
2025-05-02 13:00:00,Chennai,32.8,89,0.0
2025-05-02 14:00:00,Chennai,34.8,86,3.6
2025-05-02 15:00:00,Chennai,31.2,76,0.0
2025-05-02 16:00:00,Chennai,30.6,60,0.0
2025-05-02 17:00:00,Chennai,33.8,84,0.0
2025-05-02 18:00:00,Chennai,32.5,66,0.0
2025-05-02 19:00:00,Chennai,30.4,68,0.0
2025-05-02 20:00:00,Chennai,25.8,79,0.0
2025-05-02 21:00:00,Chennai,30.9,63,0.0
2025-05-02 22:00:00,Chennai,29.4,80,3.5
2025-05-02 23:00:00,Chennai,31.1,64,0.0
2025-05-03 00:00:00,Chennai,37.1,75,3.6
2025-05-03 01:00:00,Chennai,29.0,78,1.9
2025-05-03 02:00:00,Chennai,26.6,78,0.0
2025-05-03 03:00:00,Chennai,28.8,88,0.0
2025-05-03 04:00:00,Chennai,31.8,80,0.0
2025-05-03 05:00:00,Chennai,31.6,73,0.0
2025-05-03 06:00:00,Chennai,28.9,75,2.4
2025-05-03 07:00:00,Chennai,29.2,66,0.0
2025-05-03 08:00:00,Chennai,31.5,71,0.0
2025-05-03 09:00:00,Chennai,31.6,79,3.6
2025-05-03 10:00:00,Chennai,30.6,63,4.9
2025-05-03 11:00:00,Chennai,27.8,86,0.0
2025-05-03 12:00:00,Chennai,28.4,62,0.0
2025-05-03 13:00:00,Chennai,31.8,75,0.0
2025-05-03 14:00:00,Chennai,28.2,63,0.2
2025-05-03 15:00:00,Chennai,32.8,87,0.0
2025-05-03 16:00:00,Chennai,28.4,61,0.0
2025-05-03 17:00:00,Chennai,26.3,84,1.6
2025-05-03 18:00:00,Chennai,38.2,66,0.6
2025-05-03 19:00:00,Chennai,34.4,65,0.0
2025-05-03 20:00:00,Chennai,26.3,60,3.2
2025-05-03 21:00:00,Chennai,31.4,62,0.0
2025-05-03 22:00:00,Chennai,31.4,65,0.0
2025-05-03 23:00:00,Chennai,27.9,60,0.5
2025-05-04 00:00:00,Chennai,28.3,68,1.9
2025-05-04 01:00:00,Chennai,29.6,74,0.0
2025-05-04 02:00:00,Chennai,31.4,85,0.0
2025-05-04 03:00:00,Chennai,20.2,70,3.2
2025-05-04 04:00:00,Chennai,27.7,86,1.5
2025-05-04 05:00:00,Chennai,31.7,77,0.3
2025-05-04 06:00:00,Chennai,29.4,66,0.0
2025-05-04 07:00:00,Chennai,28.1,70,3.9
2025-05-04 08:00:00,Chennai,27.5,68,0.0
2025-05-04 09:00:00,Chennai,27.5,67,0.0
2025-05-04 10:00:00,Chennai,29.7,80,0.0
2025-05-04 11:00:00,Chennai,28.6,79,0.0
2025-05-04 12:00:00,Chennai,25.2,81,3.1
2025-05-04 13:00:00,Chennai,27.8,87,2.3
2025-05-04 14:00:00,Chennai,25.9,74,0.0
2025-05-04 15:00:00,Chennai,33.1,68,0.0
2025-05-04 16:00:00,Chennai,29.9,65,0.0
2025-05-04 17:00:00,Chennai,29.5,85,4.7
2025-05-04 18:00:00,Chennai,32.6,81,0.7
2025-05-04 19:00:00,Chennai,28.3,81,0.0
2025-05-04 20:00:00,Chennai,25.7,70,0.0
2025-05-04 21:00:00,Chennai,33.4,67,0.0
2025-05-04 22:00:00,Chennai,29.7,74,0.5
2025-05-04 23:00:00,Chennai,29.1,80,0.0
2025-05-05 00:00:00,Chennai,29.1,87,0.0
2025-05-05 01:00:00,Chennai,33.5,88,2.2
2025-05-05 02:00:00,Chennai,25.8,84,1.8
2025-05-05 03:00:00,Chennai,32.2,89,1.7
2025-05-05 04:00:00,Chennai,28.3,60,0.0
2025-05-05 05:00:00,Chennai,33.1,85,2.5
2025-05-05 06:00:00,Chennai,30.1,60,0.0
2025-05-05 07:00:00,Chennai,26.3,85,0.0
2025-05-05 08:00:00,Chennai,31.3,88,1.1
2025-05-05 09:00:00,Chennai,29.5,61,0.0
2025-05-05 10:00:00,Chennai,31.5,86,0.0
2025-05-05 11:00:00,Chennai,33.4,64,0.0
2025-05-05 12:00:00,Chennai,28.9,85,0.0
2025-05-05 13:00:00,Chennai,27.1,60,0.0
2025-05-05 14:00:00,Chennai,30.7,88,2.5
2025-05-05 15:00:00,Chennai,32.1,86,0.9
2025-05-05 16:00:00,Chennai,25.0,63,0.0
2025-05-05 17:00:00,Chennai,33.8,71,3.8
2025-05-05 18:00:00,Chennai,29.8,75,0.0
2025-05-05 19:00:00,Chennai,34.8,86,1.6
2025-05-05 20:00:00,Chennai,28.6,81,0.7
2025-05-05 21:00:00,Chennai,36.7,86,1.9
2025-05-05 22:00:00,Chennai,32.8,77,0.0
2025-05-05 23:00:00,Chennai,34.8,76,0.0
2025-05-06 00:00:00,Chennai,30.9,85,0.0
2025-05-06 01:00:00,Chennai,32.1,89,3.4
2025-05-06 02:00:00,Chennai,24.7,85,0.6
2025-05-06 03:00:00,Chennai,28.8,63,0.0
2025-05-06 04:00:00,Chennai,29.2,62,2.1
2025-05-06 05:00:00,Chennai,29.2,63,0.0
2025-05-06 06:00:00,Chennai,27.1,77,0.0
2025-05-06 07:00:00,Chennai,22.6,75,0.0
2025-05-06 08:00:00,Chennai,32.6,65,4.7
2025-05-06 09:00:00,Chennai,31.1,82,4.6
2025-05-06 10:00:00,Chennai,29.7,74,0.0
2025-05-06 11:00:00,Chennai,31.6,68,0.0
2025-05-06 12:00:00,Chennai,31.3,60,0.0
2025-05-06 13:00:00,Chennai,28.8,60,0.0
2025-05-06 14:00:00,Chennai,29.8,86,3.4
2025-05-06 15:00:00,Chennai,32.3,86,0.0
2025-05-06 16:00:00,Chennai,30.0,79,0.0
2025-05-06 17:00:00,Chennai,30.3,63,0.0
2025-05-06 18:00:00,Chennai,31.8,83,0.0
2025-05-06 19:00:00,Chennai,30.6,86,0.0
2025-05-06 20:00:00,Chennai,30.7,86,2.3
2025-05-06 21:00:00,Chennai,34.3,62,0.0
2025-05-06 22:00:00,Chennai,23.8,84,0.0
2025-05-06 23:00:00,Chennai,26.5,85,0.0
2025-05-07 00:00:00,Chennai,27.0,64,0.0
2025-05-07 01:00:00,Chennai,31.1,65,0.0
2025-05-07 02:00:00,Chennai,34.0,84,0.0
2025-05-07 03:00:00,Chennai,30.1,64,2.1
2025-05-07 04:00:00,Chennai,33.7,65,0.0
2025-05-07 05:00:00,Chennai,32.8,79,0.0
2025-05-07 06:00:00,Chennai,25.0,65,0.0
2025-05-07 07:00:00,Chennai,29.9,68,0.0
2025-05-07 08:00:00,Chennai,29.6,79,0.0
2025-05-07 09:00:00,Chennai,27.5,71,0.0
2025-05-07 10:00:00,Chennai,29.6,62,4.3
2025-05-07 11:00:00,Chennai,33.3,81,4.8
2025-05-07 12:00:00,Chennai,26.2,78,0.0
2025-05-07 13:00:00,Chennai,27.9,83,0.0
2025-05-07 14:00:00,Chennai,29.6,82,0.0
2025-05-07 15:00:00,Chennai,25.6,81,4.0
2025-05-07 16:00:00,Chennai,30.4,61,0.0
2025-05-07 17:00:00,Chennai,25.8,72,0.0
2025-05-07 18:00:00,Chennai,33.2,73,1.0
2025-05-07 19:00:00,Chennai,34.4,70,0.0
2025-05-07 20:00:00,Chennai,32.9,83,0.0
2025-05-07 21:00:00,Chennai,35.3,77,0.0
2025-05-07 22:00:00,Chennai,31.3,69,0.0
2025-05-07 23:00:00,Chennai,34.2,88,0.0
2025-05-08 00:00:00,Chennai,32.8,81,4.4
2025-05-08 01:00:00,Chennai,28.7,63,0.0
2025-05-08 02:00:00,Chennai,28.9,68,0.0
2025-05-08 03:00:00,Chennai,30.6,66,0.2
2025-05-08 04:00:00,Chennai,31.9,82,0.0
2025-05-08 05:00:00,Chennai,27.7,61,0.0
2025-05-08 06:00:00,Chennai,34.1,86,0.0
2025-05-08 07:00:00,Chennai,33.5,80,2.0
2025-05-08 08:00:00,Chennai,29.3,65,0.0
2025-05-08 09:00:00,Chennai,28.6,75,0.0
2025-05-08 10:00:00,Chennai,28.9,66,0.0
2025-05-08 11:00:00,Chennai,21.7,66,2.3
2025-05-08 12:00:00,Chennai,34.3,81,0.0
2025-05-08 13:00:00,Chennai,32.4,73,0.2
2025-05-08 14:00:00,Chennai,24.9,82,2.9
2025-05-08 15:00:00,Chennai,30.1,72,0.0
2025-05-08 16:00:00,Chennai,29.8,81,0.0
2025-05-08 17:00:00,Chennai,31.0,85,0.0
2025-05-08 18:00:00,Chennai,30.0,70,0.0
2025-05-08 19:00:00,Chennai,29.1,60,0.0
2025-05-08 20:00:00,Chennai,28.0,62,0.0
2025-05-08 21:00:00,Chennai,32.1,63,1.8
2025-05-08 22:00:00,Chennai,27.1,61,0.0
2025-05-08 23:00:00,Chennai,32.4,82,0.0
2025-05-09 00:00:00,Chennai,28.3,77,3.4
2025-05-09 01:00:00,Chennai,28.8,76,0.0
2025-05-09 02:00:00,Chennai,31.5,62,0.0
2025-05-09 03:00:00,Chennai,34.0,88,0.0
2025-05-09 04:00:00,Chennai,34.8,74,0.0
2025-05-09 05:00:00,Chennai,28.5,71,0.0
2025-05-09 06:00:00,Chennai,27.8,68,0.0
2025-05-09 07:00:00,Chennai,31.5,79,0.0
2025-05-09 08:00:00,Chennai,29.5,64,3.5
2025-05-09 09:00:00,Chennai,31.8,71,0.0
2025-05-09 10:00:00,Chennai,29.1,85,0.0
2025-05-09 11:00:00,Chennai,32.8,82,0.0
2025-05-09 12:00:00,Chennai,28.9,87,0.0
2025-05-09 13:00:00,Chennai,27.8,79,0.0
2025-05-09 14:00:00,Chennai,25.3,65,4.8
2025-05-09 15:00:00,Chennai,30.8,67,0.0
2025-05-09 16:00:00,Chennai,30.8,69,0.0
2025-05-09 17:00:00,Chennai,25.7,87,4.1
2025-05-09 18:00:00,Chennai,21.0,73,0.0
2025-05-09 19:00:00,Chennai,29.3,65,0.0
2025-05-09 20:00:00,Chennai,31.6,82,0.0
2025-05-09 21:00:00,Chennai,34.6,66,0.0
2025-05-09 22:00:00,Chennai,27.8,74,4.9
2025-05-09 23:00:00,Chennai,30.3,68,0.0
2025-05-10 00:00:00,Chennai,33.1,76,0.0
2025-05-10 01:00:00,Chennai,31.6,80,0.0
2025-05-10 02:00:00,Chennai,36.4,83,0.0
2025-05-10 03:00:00,Chennai,27.3,85,1.9
2025-05-10 04:00:00,Chennai,32.5,82,0.0
2025-05-10 05:00:00,Chennai,29.0,77,0.0
2025-05-10 06:00:00,Chennai,31.1,70,0.0
2025-05-10 07:00:00,Chennai,33.4,70,1.7
2025-05-10 08:00:00,Chennai,25.7,86,0.0
2025-05-10 09:00:00,Chennai,29.2,66,4.1
2025-05-10 10:00:00,Chennai,27.9,71,3.6
2025-05-10 11:00:00,Chennai,28.8,88,0.0
2025-05-10 12:00:00,Chennai,34.1,77,0.0
2025-05-10 13:00:00,Chennai,35.4,84,0.0
2025-05-10 14:00:00,Chennai,26.9,80,0.0
2025-05-10 15:00:00,Chennai,34.9,85,0.0
2025-05-10 16:00:00,Chennai,32.4,68,0.0
2025-05-10 17:00:00,Chennai,30.5,89,0.0
2025-05-10 18:00:00,Chennai,28.8,71,0.0
2025-05-10 19:00:00,Chennai,33.2,73,0.0
2025-05-10 20:00:00,Chennai,30.4,80,1.3
2025-05-10 21:00:00,Chennai,26.0,65,0.0
2025-05-10 22:00:00,Chennai,30.8,68,0.0
2025-05-10 23:00:00,Chennai,30.2,65,3.4
2025-05-11 00:00:00,Chennai,30.2,82,0.0
2025-05-11 01:00:00,Chennai,24.5,86,1.6
2025-05-11 02:00:00,Chennai,33.7,77,0.0
2025-05-11 03:00:00,Chennai,29.8,89,0.0
2025-05-11 04:00:00,Chennai,28.2,84,0.1
2025-05-11 05:00:00,Chennai,30.9,74,0.0
2025-05-11 06:00:00,Chennai,32.2,67,0.0
2025-05-11 07:00:00,Chennai,28.3,60,0.0
2025-05-11 08:00:00,Chennai,29.2,84,0.0
2025-05-11 09:00:00,Chennai,30.8,65,1.6
2025-05-11 10:00:00,Chennai,33.3,83,0.0
2025-05-11 11:00:00,Chennai,26.3,60,3.5
2025-05-11 12:00:00,Chennai,29.7,83,0.0
2025-05-11 13:00:00,Chennai,31.6,62,3.9
2025-05-11 14:00:00,Chennai,30.0,69,0.0
2025-05-11 15:00:00,Chennai,29.6,76,4.4
2025-05-11 16:00:00,Chennai,30.4,72,4.5
2025-05-11 17:00:00,Chennai,31.2,89,0.0
2025-05-11 18:00:00,Chennai,24.1,77,0.0
2025-05-11 19:00:00,Chennai,28.3,63,0.0
2025-05-11 20:00:00,Chennai,33.4,78,0.0
2025-05-11 21:00:00,Chennai,28.6,83,0.2
2025-05-11 22:00:00,Chennai,31.7,89,0.6
2025-05-11 23:00:00,Chennai,30.6,80,0.0
2025-05-12 00:00:00,Chennai,31.9,84,0.0
2025-05-12 01:00:00,Chennai,27.3,80,4.1
2025-05-12 02:00:00,Chennai,23.2,87,0.0
2025-05-12 03:00:00,Chennai,25.6,62,0.9
2025-05-12 04:00:00,Chennai,31.6,81,0.0
2025-05-12 05:00:00,Chennai,30.0,63,1.1
2025-05-12 06:00:00,Chennai,26.2,73,0.0
2025-05-12 07:00:00,Chennai,36.3,70,4.4
2025-05-12 08:00:00,Chennai,28.4,80,0.0
2025-05-12 09:00:00,Chennai,24.3,60,0.0
2025-05-12 10:00:00,Chennai,29.4,82,5.0
2025-05-12 11:00:00,Chennai,24.5,77,0.0
2025-05-12 12:00:00,Chennai,28.3,68,0.0
2025-05-12 13:00:00,Chennai,29.1,87,0.0
2025-05-12 14:00:00,Chennai,29.8,83,0.0
2025-05-12 15:00:00,Chennai,32.1,80,0.0
2025-05-12 16:00:00,Chennai,28.0,69,0.0
2025-05-12 17:00:00,Chennai,24.6,77,4.4
2025-05-12 18:00:00,Chennai,31.1,79,1.7
2025-05-12 19:00:00,Chennai,26.5,64,1.6
2025-05-12 20:00:00,Chennai,34.0,74,0.0
2025-05-12 21:00:00,Chennai,34.2,85,4.8
2025-05-12 22:00:00,Chennai,30.0,65,0.0
2025-05-12 23:00:00,Chennai,32.0,60,0.9
2025-05-13 00:00:00,Chennai,33.0,73,2.5
2025-05-13 01:00:00,Chennai,29.4,61,0.0
2025-05-13 02:00:00,Chennai,29.5,65,0.2
2025-05-13 03:00:00,Chennai,28.6,85,2.2
2025-05-13 04:00:00,Chennai,30.7,85,0.0
2025-05-13 05:00:00,Chennai,27.9,84,0.0
2025-05-13 06:00:00,Chennai,30.3,79,0.0
2025-05-13 07:00:00,Chennai,25.9,60,3.7
2025-05-13 08:00:00,Chennai,23.8,65,0.0
2025-05-13 09:00:00,Chennai,33.9,79,0.0
2025-05-13 10:00:00,Chennai,28.5,77,0.1
2025-05-13 11:00:00,Chennai,31.4,79,0.0
2025-05-13 12:00:00,Chennai,29.7,77,4.2
2025-05-13 13:00:00,Chennai,36.2,86,0.0
2025-05-13 14:00:00,Chennai,26.7,68,1.1
2025-05-13 15:00:00,Chennai,26.3,82,1.0
2025-05-13 16:00:00,Chennai,23.8,62,0.0
2025-05-13 17:00:00,Chennai,31.2,81,0.0
2025-05-13 18:00:00,Chennai,30.4,85,4.6
2025-05-13 19:00:00,Chennai,30.2,86,0.0
2025-05-13 20:00:00,Chennai,30.1,64,0.0
2025-05-13 21:00:00,Chennai,32.4,85,0.0
2025-05-13 22:00:00,Chennai,28.2,75,0.0
2025-05-13 23:00:00,Chennai,26.6,67,2.3
2025-05-14 00:00:00,Chennai,29.8,61,0.0
2025-05-14 01:00:00,Chennai,29.5,85,1.0
2025-05-14 02:00:00,Chennai,29.9,83,0.0
2025-05-14 03:00:00,Chennai,32.6,76,0.0
2025-05-14 04:00:00,Chennai,29.4,65,0.0
2025-05-14 05:00:00,Chennai,31.6,68,0.0
2025-05-14 06:00:00,Chennai,30.0,79,0.0
2025-05-14 07:00:00,Chennai,32.4,89,0.0
2025-05-14 08:00:00,Chennai,24.9,62,0.0
2025-05-14 09:00:00,Chennai,34.3,75,0.0
2025-05-14 10:00:00,Chennai,29.1,68,0.0
2025-05-14 11:00:00,Chennai,33.1,75,0.0
2025-05-14 12:00:00,Chennai,29.5,64,0.0
2025-05-14 13:00:00,Chennai,33.7,65,2.2
2025-05-14 14:00:00,Chennai,30.3,88,0.0
2025-05-14 15:00:00,Chennai,27.9,60,0.0
2025-05-14 16:00:00,Chennai,25.7,85,0.0
2025-05-14 17:00:00,Chennai,27.6,86,0.0
2025-05-14 18:00:00,Chennai,31.9,67,0.0
2025-05-14 19:00:00,Chennai,25.8,84,0.0
2025-05-14 20:00:00,Chennai,32.6,67,0.0
2025-05-14 21:00:00,Chennai,27.0,74,0.0
2025-05-14 22:00:00,Chennai,33.6,68,2.8
2025-05-14 23:00:00,Chennai,27.5,81,0.0
2025-05-15 00:00:00,Chennai,30.7,66,0.6
2025-05-15 01:00:00,Chennai,29.0,79,1.2
2025-05-15 02:00:00,Chennai,35.2,87,0.0
2025-05-15 03:00:00,Chennai,27.5,61,0.0
2025-05-15 04:00:00,Chennai,32.8,64,0.0
2025-05-15 05:00:00,Chennai,31.9,75,2.5
2025-05-15 06:00:00,Chennai,32.8,81,1.9
2025-05-15 07:00:00,Chennai,20.5,72,0.0
2025-05-15 08:00:00,Chennai,24.9,86,0.0
2025-05-15 09:00:00,Chennai,28.3,76,1.8
2025-05-15 10:00:00,Chennai,30.2,77,2.8
2025-05-15 11:00:00,Chennai,28.3,81,0.0
2025-05-15 12:00:00,Chennai,24.8,64,0.0
2025-05-15 13:00:00,Chennai,29.0,85,0.0
2025-05-15 14:00:00,Chennai,33.4,85,0.0
2025-05-15 15:00:00,Chennai,26.8,63,0.0
2025-05-15 16:00:00,Chennai,32.0,88,2.2
2025-05-15 17:00:00,Chennai,30.0,88,3.5
2025-05-15 18:00:00,Chennai,32.7,69,0.2
2025-05-15 19:00:00,Chennai,29.7,79,0.0
2025-05-15 20:00:00,Chennai,23.2,87,0.0
2025-05-15 21:00:00,Chennai,32.3,70,0.0
2025-05-15 22:00:00,Chennai,26.3,72,4.4
2025-05-15 23:00:00,Chennai,30.0,77,2.1
2025-05-16 00:00:00,Chennai,29.5,86,0.0
2025-05-16 01:00:00,Chennai,31.1,73,4.1
2025-05-16 02:00:00,Chennai,34.2,81,0.0
2025-05-16 03:00:00,Chennai,29.0,62,0.1
2025-05-16 04:00:00,Chennai,30.1,65,0.0
2025-05-16 05:00:00,Chennai,28.5,60,0.0
2025-05-16 06:00:00,Chennai,30.0,85,0.1
2025-05-16 07:00:00,Chennai,25.4,75,0.0
2025-05-16 08:00:00,Chennai,30.2,60,2.3
2025-05-16 09:00:00,Chennai,30.3,83,0.0
2025-05-16 10:00:00,Chennai,29.8,78,0.0
2025-05-16 11:00:00,Chennai,29.5,85,4.1
2025-05-16 12:00:00,Chennai,28.2,66,2.4
2025-05-16 13:00:00,Chennai,32.6,87,0.0
2025-05-16 14:00:00,Chennai,30.4,65,1.5
2025-05-16 15:00:00,Chennai,26.8,66,4.4
2025-05-16 16:00:00,Chennai,34.2,69,0.0
2025-05-16 17:00:00,Chennai,28.0,84,0.3
2025-05-16 18:00:00,Chennai,31.0,77,0.0
2025-05-16 19:00:00,Chennai,32.1,76,0.8
2025-05-16 20:00:00,Chennai,29.1,79,0.0
2025-05-16 21:00:00,Chennai,30.4,81,0.0
2025-05-16 22:00:00,Chennai,25.3,76,0.0
2025-05-16 23:00:00,Chennai,33.4,69,1.8
2025-05-17 00:00:00,Chennai,30.1,86,0.0
2025-05-17 01:00:00,Chennai,30.8,66,0.0
2025-05-17 02:00:00,Chennai,28.9,76,0.0
2025-05-17 03:00:00,Chennai,28.8,80,0.0
2025-05-17 04:00:00,Chennai,28.2,73,0.0
2025-05-17 05:00:00,Chennai,32.4,70,0.0
2025-05-17 06:00:00,Chennai,31.3,87,0.0
2025-05-17 07:00:00,Chennai,33.2,71,0.0
2025-05-17 08:00:00,Chennai,24.2,80,0.0
2025-05-17 09:00:00,Chennai,25.3,65,1.3
2025-05-17 10:00:00,Chennai,31.6,60,0.0
2025-05-17 11:00:00,Chennai,29.2,62,4.0
2025-05-17 12:00:00,Chennai,29.4,85,0.0
2025-05-17 13:00:00,Chennai,31.1,65,0.0
2025-05-17 14:00:00,Chennai,26.4,72,0.5
2025-05-17 15:00:00,Chennai,33.3,60,0.0
2025-05-17 16:00:00,Chennai,27.8,75,0.2
2025-05-17 17:00:00,Chennai,27.9,72,3.6
2025-05-17 18:00:00,Chennai,27.3,66,0.0
2025-05-17 19:00:00,Chennai,32.4,65,1.9
2025-05-17 20:00:00,Chennai,28.8,62,4.1
2025-05-17 21:00:00,Chennai,27.7,63,0.0
2025-05-17 22:00:00,Chennai,33.5,64,0.4
2025-05-17 23:00:00,Chennai,28.2,72,0.0
2025-05-18 00:00:00,Chennai,32.8,77,4.4
2025-05-18 01:00:00,Chennai,29.0,73,3.0
2025-05-18 02:00:00,Chennai,26.0,73,4.8
2025-05-18 03:00:00,Chennai,30.5,61,0.0
2025-05-18 04:00:00,Chennai,27.4,83,0.4
2025-05-18 05:00:00,Chennai,27.8,73,0.0
2025-05-18 06:00:00,Chennai,28.4,62,0.0
2025-05-18 07:00:00,Chennai,30.1,86,4.9
2025-05-18 08:00:00,Chennai,27.9,77,0.0
2025-05-18 09:00:00,Chennai,29.0,70,0.0
2025-05-18 10:00:00,Chennai,31.3,76,0.0
2025-05-18 11:00:00,Chennai,27.2,67,0.0
2025-05-18 12:00:00,Chennai,28.8,86,0.0
2025-05-18 13:00:00,Chennai,30.5,63,0.7
2025-05-18 14:00:00,Chennai,30.8,70,0.0
2025-05-18 15:00:00,Chennai,28.0,85,1.3
2025-05-18 16:00:00,Chennai,33.8,80,0.0
2025-05-18 17:00:00,Chennai,33.0,82,1.8
2025-05-18 18:00:00,Chennai,26.5,81,0.0
2025-05-18 19:00:00,Chennai,29.3,86,3.8
2025-05-18 20:00:00,Chennai,31.7,81,0.0
2025-05-18 21:00:00,Chennai,29.0,84,0.0
2025-05-18 22:00:00,Chennai,30.3,60,0.0
2025-05-18 23:00:00,Chennai,30.1,74,4.6
2025-05-19 00:00:00,Chennai,27.7,85,0.0
2025-05-19 01:00:00,Chennai,26.9,89,0.0
2025-05-19 02:00:00,Chennai,27.9,88,3.3
2025-05-19 03:00:00,Chennai,27.8,66,0.9
2025-05-19 04:00:00,Chennai,29.1,63,0.0
2025-05-19 05:00:00,Chennai,27.9,81,0.0
2025-05-19 06:00:00,Chennai,33.1,83,0.0
2025-05-19 07:00:00,Chennai,29.9,65,0.0
2025-05-19 08:00:00,Chennai,31.2,76,0.0
2025-05-19 09:00:00,Chennai,31.2,78,0.0
2025-05-19 10:00:00,Chennai,25.5,63,0.0
2025-05-19 11:00:00,Chennai,26.7,61,0.0
2025-05-19 12:00:00,Chennai,31.7,63,0.0
2025-05-19 13:00:00,Chennai,30.4,79,4.3
2025-05-19 14:00:00,Chennai,28.7,81,0.0
2025-05-19 15:00:00,Chennai,31.3,62,1.6
2025-05-19 16:00:00,Chennai,32.4,62,0.0
2025-05-19 17:00:00,Chennai,29.4,88,3.5
2025-05-19 18:00:00,Chennai,28.4,73,0.0
2025-05-19 19:00:00,Chennai,33.1,63,3.9
2025-05-19 20:00:00,Chennai,28.5,85,0.0
2025-05-19 21:00:00,Chennai,36.3,86,0.0
2025-05-19 22:00:00,Chennai,31.7,89,0.0
2025-05-19 23:00:00,Chennai,36.5,69,2.7
2025-05-20 00:00:00,Chennai,31.4,81,1.8
2025-05-20 01:00:00,Chennai,29.9,79,0.0
2025-05-20 02:00:00,Chennai,30.7,70,4.3
2025-05-20 03:00:00,Chennai,28.0,78,4.8
2025-05-20 04:00:00,Chennai,29.2,73,4.3
2025-05-20 05:00:00,Chennai,26.1,87,1.8
2025-05-20 06:00:00,Chennai,26.3,74,0.0
2025-05-20 07:00:00,Chennai,30.6,87,3.6
2025-05-20 08:00:00,Chennai,32.0,84,0.0
2025-05-20 09:00:00,Chennai,23.7,64,0.9
2025-05-20 10:00:00,Chennai,35.3,75,0.0
2025-05-20 11:00:00,Chennai,28.3,60,0.0
2025-05-20 12:00:00,Chennai,32.0,64,4.9
2025-05-20 13:00:00,Chennai,31.4,72,0.0
2025-05-20 14:00:00,Chennai,33.6,73,0.0
2025-05-20 15:00:00,Chennai,33.2,84,0.0
2025-05-20 16:00:00,Chennai,27.0,87,0.0
2025-05-20 17:00:00,Chennai,33.6,83,1.7
2025-05-20 18:00:00,Chennai,36.2,77,0.0
2025-05-20 19:00:00,Chennai,31.8,74,0.0
2025-05-20 20:00:00,Chennai,27.8,78,0.0
2025-05-20 21:00:00,Chennai,30.1,81,0.0
2025-05-20 22:00:00,Chennai,26.7,84,0.0
2025-05-20 23:00:00,Chennai,27.8,74,2.0
2025-05-21 00:00:00,Chennai,24.6,68,0.0
2025-05-21 01:00:00,Chennai,29.3,75,3.1
2025-05-21 02:00:00,Chennai,30.1,79,4.1
2025-05-21 03:00:00,Chennai,28.7,81,2.1
2025-05-21 04:00:00,Chennai,33.6,68,0.0
2025-05-21 05:00:00,Chennai,24.4,78,3.2
2025-05-21 06:00:00,Chennai,30.0,63,0.0
2025-05-21 07:00:00,Chennai,29.3,71,2.4
2025-05-21 08:00:00,Chennai,27.4,80,0.0
2025-05-21 09:00:00,Chennai,28.7,85,3.7
2025-05-21 10:00:00,Chennai,27.5,66,0.0
2025-05-21 11:00:00,Chennai,27.4,77,0.0
2025-05-21 12:00:00,Chennai,29.0,63,0.0
2025-05-21 13:00:00,Chennai,32.9,84,0.0
2025-05-21 14:00:00,Chennai,34.5,72,0.0
2025-05-21 15:00:00,Chennai,34.3,87,0.0
2025-05-21 16:00:00,Chennai,28.7,86,0.0
2025-05-21 17:00:00,Chennai,29.6,85,0.0
2025-05-21 18:00:00,Chennai,29.0,65,0.0
2025-05-21 19:00:00,Chennai,33.7,79,2.7
2025-05-21 20:00:00,Chennai,35.5,77,0.0
2025-05-21 21:00:00,Chennai,28.3,88,2.3
2025-05-21 22:00:00,Chennai,31.8,73,2.2
2025-05-21 23:00:00,Chennai,31.7,64,2.3
2025-05-22 00:00:00,Chennai,31.7,78,0.0
2025-05-22 01:00:00,Chennai,26.4,65,0.0
2025-05-22 02:00:00,Chennai,29.5,66,4.8
2025-05-22 03:00:00,Chennai,31.6,75,0.0
2025-05-22 04:00:00,Chennai,32.2,79,0.0
2025-05-22 05:00:00,Chennai,25.7,79,0.0
2025-05-22 06:00:00,Chennai,26.8,70,2.8
2025-05-22 07:00:00,Chennai,24.8,79,0.5
2025-05-22 08:00:00,Chennai,27.2,67,0.0
2025-05-22 09:00:00,Chennai,27.8,61,1.0
2025-05-22 10:00:00,Chennai,38.0,75,0.0
2025-05-22 11:00:00,Chennai,30.4,86,3.7
2025-05-22 12:00:00,Chennai,33.0,84,0.0
2025-05-22 13:00:00,Chennai,31.0,73,0.0
2025-05-22 14:00:00,Chennai,28.0,65,0.0
2025-05-22 15:00:00,Chennai,29.4,76,0.0
2025-05-22 16:00:00,Chennai,32.0,88,0.0
2025-05-22 17:00:00,Chennai,29.7,64,0.0
2025-05-22 18:00:00,Chennai,32.2,62,0.0
2025-05-22 19:00:00,Chennai,33.2,79,0.0
2025-05-22 20:00:00,Chennai,22.5,68,0.0
2025-05-22 21:00:00,Chennai,28.8,64,0.0
2025-05-22 22:00:00,Chennai,26.6,73,0.0
2025-05-22 23:00:00,Chennai,28.9,74,0.0
2025-05-23 00:00:00,Chennai,32.3,88,0.0
2025-05-23 01:00:00,Chennai,32.9,84,0.0
2025-05-23 02:00:00,Chennai,29.9,79,0.0
2025-05-23 03:00:00,Chennai,31.1,65,0.0
2025-05-23 04:00:00,Chennai,30.6,70,3.3
2025-05-23 05:00:00,Chennai,28.2,67,0.0
2025-05-23 06:00:00,Chennai,25.1,60,3.5
2025-05-23 07:00:00,Chennai,29.0,81,0.0
2025-05-23 08:00:00,Chennai,35.5,61,0.0
2025-05-23 09:00:00,Chennai,27.7,88,0.0
2025-05-23 10:00:00,Chennai,27.9,76,3.6
2025-05-23 11:00:00,Chennai,37.4,81,0.0
2025-05-23 12:00:00,Chennai,31.8,78,0.0
2025-05-23 13:00:00,Chennai,31.2,71,0.0
2025-05-23 14:00:00,Chennai,31.5,75,0.0
2025-05-23 15:00:00,Chennai,31.3,74,0.0
2025-05-23 16:00:00,Chennai,31.7,89,0.6
2025-05-23 17:00:00,Chennai,36.9,66,0.0
2025-05-23 18:00:00,Chennai,29.2,62,0.0
2025-05-23 19:00:00,Chennai,36.9,64,0.0
2025-05-23 20:00:00,Chennai,35.1,78,1.7
2025-05-23 21:00:00,Chennai,31.7,78,0.0
2025-05-23 22:00:00,Chennai,34.1,63,0.0
2025-05-23 23:00:00,Chennai,34.6,78,0.0
2025-05-24 00:00:00,Chennai,32.4,84,0.0
2025-05-24 01:00:00,Chennai,31.9,82,0.0
2025-05-24 02:00:00,Chennai,25.9,67,0.8
2025-05-24 03:00:00,Chennai,29.7,84,0.0
2025-05-24 04:00:00,Chennai,27.3,73,0.0
2025-05-24 05:00:00,Chennai,26.9,63,0.0
2025-05-24 06:00:00,Chennai,25.9,62,1.2
2025-05-24 07:00:00,Chennai,24.4,80,0.0
2025-05-24 08:00:00,Chennai,27.1,62,0.2
2025-05-24 09:00:00,Chennai,27.4,81,0.0
2025-05-24 10:00:00,Chennai,32.3,88,0.0
2025-05-24 11:00:00,Chennai,34.5,86,0.0
2025-05-24 12:00:00,Chennai,24.9,74,0.0
2025-05-24 13:00:00,Chennai,28.3,88,0.0
2025-05-24 14:00:00,Chennai,27.3,84,0.0
2025-05-24 15:00:00,Chennai,31.2,88,0.0
2025-05-24 16:00:00,Chennai,31.1,82,0.0
2025-05-24 17:00:00,Chennai,31.8,70,2.9
2025-05-24 18:00:00,Chennai,28.6,84,0.0
2025-05-24 19:00:00,Chennai,27.1,88,0.0
2025-05-24 20:00:00,Chennai,29.0,88,0.0
2025-05-24 21:00:00,Chennai,28.8,76,0.0
2025-05-24 22:00:00,Chennai,31.9,85,0.0
2025-05-24 23:00:00,Chennai,32.2,60,0.0
2025-05-25 00:00:00,Chennai,28.3,82,0.0
2025-05-25 01:00:00,Chennai,34.0,76,0.0
2025-05-25 02:00:00,Chennai,32.9,71,0.0
2025-05-25 03:00:00,Chennai,30.0,74,0.0
2025-05-25 04:00:00,Chennai,33.6,65,3.8
2025-05-25 05:00:00,Chennai,26.7,73,0.0
2025-05-25 06:00:00,Chennai,32.2,71,0.0
2025-05-25 07:00:00,Chennai,34.3,61,0.0
2025-05-25 08:00:00,Chennai,26.6,72,2.9
2025-05-25 09:00:00,Chennai,28.5,84,0.0
2025-05-25 10:00:00,Chennai,32.8,63,0.0
2025-05-25 11:00:00,Chennai,24.7,89,0.0
2025-05-25 12:00:00,Chennai,34.1,83,0.0
2025-05-25 13:00:00,Chennai,30.3,61,0.0
2025-05-25 14:00:00,Chennai,26.8,60,3.4
2025-05-25 15:00:00,Chennai,32.7,72,0.0
2025-05-25 16:00:00,Chennai,32.8,62,0.0
2025-05-25 17:00:00,Chennai,27.8,79,0.0
2025-05-25 18:00:00,Chennai,33.0,64,0.0
2025-05-25 19:00:00,Chennai,31.0,83,0.0
2025-05-25 20:00:00,Chennai,28.4,81,0.0
2025-05-25 21:00:00,Chennai,28.7,79,0.5
2025-05-25 22:00:00,Chennai,31.6,89,0.0
2025-05-25 23:00:00,Chennai,29.3,60,2.7
2025-05-26 00:00:00,Chennai,27.8,86,0.0
2025-05-26 01:00:00,Chennai,27.7,89,2.1
2025-05-26 02:00:00,Chennai,30.1,87,0.0
2025-05-26 03:00:00,Chennai,30.0,77,0.0
2025-05-26 04:00:00,Chennai,27.6,83,3.9
2025-05-26 05:00:00,Chennai,31.3,85,1.9
2025-05-26 06:00:00,Chennai,31.2,75,0.0
2025-05-26 07:00:00,Chennai,28.9,86,2.0
2025-05-26 08:00:00,Chennai,34.5,83,0.0
2025-05-26 09:00:00,Chennai,33.0,66,4.1
2025-05-26 10:00:00,Chennai,32.6,76,5.0
2025-05-26 11:00:00,Chennai,29.3,75,0.0
2025-05-26 12:00:00,Chennai,32.0,78,3.2
2025-05-26 13:00:00,Chennai,29.3,66,0.0
2025-05-26 14:00:00,Chennai,32.9,86,0.0
2025-05-26 15:00:00,Chennai,25.7,75,1.6
2025-05-26 16:00:00,Chennai,31.8,80,1.2
2025-05-26 17:00:00,Chennai,32.3,61,0.0
2025-05-26 18:00:00,Chennai,27.1,64,0.0
2025-05-26 19:00:00,Chennai,29.8,79,0.0
2025-05-26 20:00:00,Chennai,29.8,88,0.0
2025-05-26 21:00:00,Chennai,38.0,65,0.0
2025-05-26 22:00:00,Chennai,27.9,88,0.0
2025-05-26 23:00:00,Chennai,30.7,70,0.0
2025-05-27 00:00:00,Chennai,27.2,85,0.0
2025-05-27 01:00:00,Chennai,28.1,66,1.6
2025-05-27 02:00:00,Chennai,33.4,78,0.0
2025-05-27 03:00:00,Chennai,23.6,79,0.0
2025-05-27 04:00:00,Chennai,22.4,87,0.0
2025-05-27 05:00:00,Chennai,29.5,63,2.4
2025-05-27 06:00:00,Chennai,23.2,60,0.0
2025-05-27 07:00:00,Chennai,27.2,68,0.0
2025-05-27 08:00:00,Chennai,28.8,68,0.0
2025-05-27 09:00:00,Chennai,32.1,79,0.0
2025-05-27 10:00:00,Chennai,27.2,65,0.0
2025-05-27 11:00:00,Chennai,29.7,82,0.0
2025-05-27 12:00:00,Chennai,28.0,67,0.0
2025-05-27 13:00:00,Chennai,27.2,62,0.0
2025-05-27 14:00:00,Chennai,26.8,63,0.0
2025-05-27 15:00:00,Chennai,33.1,75,4.5
2025-05-27 16:00:00,Chennai,29.6,66,0.0
2025-05-27 17:00:00,Chennai,31.2,74,0.0
2025-05-27 18:00:00,Chennai,29.2,86,0.0
2025-05-27 19:00:00,Chennai,24.4,77,0.0
2025-05-27 20:00:00,Chennai,38.3,66,0.0
2025-05-27 21:00:00,Chennai,31.6,82,0.0
2025-05-27 22:00:00,Chennai,28.9,84,0.0
2025-05-27 23:00:00,Chennai,33.0,85,0.0
2025-05-28 00:00:00,Chennai,30.4,67,0.0
2025-05-28 01:00:00,Chennai,28.5,62,0.0
2025-05-28 02:00:00,Chennai,32.5,85,0.0
2025-05-28 03:00:00,Chennai,34.1,60,0.0
2025-05-28 04:00:00,Chennai,29.1,88,0.0
2025-05-28 05:00:00,Chennai,34.8,65,0.0
2025-05-28 06:00:00,Chennai,29.6,75,0.0
2025-05-28 07:00:00,Chennai,31.4,78,0.0
2025-05-28 08:00:00,Chennai,28.9,76,0.0
2025-05-28 09:00:00,Chennai,29.0,82,3.0
2025-05-28 10:00:00,Chennai,30.9,80,0.2
2025-05-28 11:00:00,Chennai,26.9,72,0.0
2025-05-28 12:00:00,Chennai,25.0,75,0.4
2025-05-28 13:00:00,Chennai,29.5,65,0.0
2025-05-28 14:00:00,Chennai,26.5,75,0.0
2025-05-28 15:00:00,Chennai,29.3,70,2.4
2025-05-28 16:00:00,Chennai,30.4,75,0.0
2025-05-28 17:00:00,Chennai,31.7,88,5.0
2025-05-28 18:00:00,Chennai,29.6,67,0.0
2025-05-28 19:00:00,Chennai,30.0,89,1.6
2025-05-28 20:00:00,Chennai,32.3,87,0.0
2025-05-28 21:00:00,Chennai,32.5,80,1.3
2025-05-28 22:00:00,Chennai,27.6,71,0.0
2025-05-28 23:00:00,Chennai,28.9,83,0.0
2025-05-29 00:00:00,Chennai,32.2,82,0.0
2025-05-29 01:00:00,Chennai,32.5,81,0.0
2025-05-29 02:00:00,Chennai,31.3,81,0.0
2025-05-29 03:00:00,Chennai,29.8,63,1.8
2025-05-29 04:00:00,Chennai,29.0,76,2.1
2025-05-29 05:00:00,Chennai,28.6,89,1.7
2025-05-29 06:00:00,Chennai,26.7,73,1.4
2025-05-29 07:00:00,Chennai,28.9,82,0.7
2025-05-29 08:00:00,Chennai,29.6,76,0.0
2025-05-29 09:00:00,Chennai,24.6,75,0.0
2025-05-29 10:00:00,Chennai,29.4,62,0.0
2025-05-29 11:00:00,Chennai,27.1,82,2.4
2025-05-29 12:00:00,Chennai,33.4,83,2.7
2025-05-29 13:00:00,Chennai,30.6,72,0.0
2025-05-29 14:00:00,Chennai,28.4,67,0.0
2025-05-29 15:00:00,Chennai,31.1,66,0.0
2025-05-29 16:00:00,Chennai,27.4,82,0.0
2025-05-29 17:00:00,Chennai,34.5,71,4.9
2025-05-29 18:00:00,Chennai,32.7,79,0.0
2025-05-29 19:00:00,Chennai,27.8,65,4.4
2025-05-29 20:00:00,Chennai,32.1,67,0.0
2025-05-29 21:00:00,Chennai,36.8,88,0.0
2025-05-29 22:00:00,Chennai,26.3,88,0.0
2025-05-29 23:00:00,Chennai,29.2,70,0.0
2025-05-30 00:00:00,Chennai,26.2,64,1.4
2025-05-01 00:00:00,Bengaluru,22.4,65,5.0
2025-05-01 01:00:00,Bengaluru,26.3,82,2.6
2025-05-01 02:00:00,Bengaluru,24.9,84,0.0
2025-05-01 03:00:00,Bengaluru,20.6,89,0.0
2025-05-01 04:00:00,Bengaluru,20.9,76,1.1
2025-05-01 05:00:00,Bengaluru,25.9,72,3.4
2025-05-01 06:00:00,Bengaluru,23.0,74,0.0
2025-05-01 07:00:00,Bengaluru,23.1,66,1.9
2025-05-01 08:00:00,Bengaluru,18.2,83,0.5
2025-05-01 09:00:00,Bengaluru,24.4,80,4.6
2025-05-01 10:00:00,Bengaluru,30.7,72,0.0
2025-05-01 11:00:00,Bengaluru,24.5,74,0.0
2025-05-01 12:00:00,Bengaluru,19.9,73,0.6
2025-05-01 13:00:00,Bengaluru,24.4,71,0.0
2025-05-01 14:00:00,Bengaluru,21.5,84,0.0
2025-05-01 15:00:00,Bengaluru,30.6,63,3.9
2025-05-01 16:00:00,Bengaluru,22.8,79,0.0
2025-05-01 17:00:00,Bengaluru,29.4,60,2.4
2025-05-01 18:00:00,Bengaluru,22.5,81,0.0
2025-05-01 19:00:00,Bengaluru,25.0,62,0.0
2025-05-01 20:00:00,Bengaluru,28.1,78,0.0
2025-05-01 21:00:00,Bengaluru,24.5,87,0.0
2025-05-01 22:00:00,Bengaluru,28.8,78,3.1
2025-05-01 23:00:00,Bengaluru,22.7,88,0.0
2025-05-02 00:00:00,Bengaluru,26.7,65,4.1
2025-05-02 01:00:00,Bengaluru,28.6,87,0.0
2025-05-02 02:00:00,Bengaluru,23.1,89,0.0
2025-05-02 03:00:00,Bengaluru,22.1,77,2.6
2025-05-02 04:00:00,Bengaluru,24.2,71,0.0
2025-05-02 05:00:00,Bengaluru,24.4,79,0.1
2025-05-02 06:00:00,Bengaluru,22.6,61,0.0
2025-05-02 07:00:00,Bengaluru,24.4,86,0.0
2025-05-02 08:00:00,Bengaluru,25.9,64,0.0
2025-05-02 09:00:00,Bengaluru,29.9,86,0.0
2025-05-02 10:00:00,Bengaluru,22.9,87,1.3
2025-05-02 11:00:00,Bengaluru,22.9,74,0.0
2025-05-02 12:00:00,Bengaluru,21.3,67,0.0
2025-05-02 13:00:00,Bengaluru,22.6,83,0.0
2025-05-02 14:00:00,Bengaluru,22.0,81,0.0
2025-05-02 15:00:00,Bengaluru,25.1,84,0.0
2025-05-02 16:00:00,Bengaluru,24.2,61,0.0
2025-05-02 17:00:00,Bengaluru,25.6,76,0.0
2025-05-02 18:00:00,Bengaluru,28.2,75,0.0
2025-05-02 19:00:00,Bengaluru,21.2,64,4.4
2025-05-02 20:00:00,Bengaluru,22.8,69,0.0
2025-05-02 21:00:00,Bengaluru,28.9,62,0.0
2025-05-02 22:00:00,Bengaluru,27.7,70,0.0
2025-05-02 23:00:00,Bengaluru,26.5,88,0.0
2025-05-03 00:00:00,Bengaluru,27.4,76,0.0
2025-05-03 01:00:00,Bengaluru,29.5,86,0.0
2025-05-03 02:00:00,Bengaluru,25.2,67,1.3
2025-05-03 03:00:00,Bengaluru,27.1,78,0.8
2025-05-03 04:00:00,Bengaluru,28.2,81,1.6
2025-05-03 05:00:00,Bengaluru,25.2,88,2.8
2025-05-03 06:00:00,Bengaluru,28.9,89,0.0
2025-05-03 07:00:00,Bengaluru,21.0,76,0.4
2025-05-03 08:00:00,Bengaluru,26.8,66,0.0
2025-05-03 09:00:00,Bengaluru,30.7,81,3.4
2025-05-03 10:00:00,Bengaluru,32.6,64,0.0
2025-05-03 11:00:00,Bengaluru,24.6,77,3.7
2025-05-03 12:00:00,Bengaluru,24.9,64,0.0
2025-05-03 13:00:00,Bengaluru,25.4,76,1.6
2025-05-03 14:00:00,Bengaluru,30.3,80,3.8
2025-05-03 15:00:00,Bengaluru,26.2,69,0.0
2025-05-03 16:00:00,Bengaluru,28.0,61,0.0
2025-05-03 17:00:00,Bengaluru,21.4,84,0.0
2025-05-03 18:00:00,Bengaluru,25.2,82,1.9
2025-05-03 19:00:00,Bengaluru,29.5,88,0.0
2025-05-03 20:00:00,Bengaluru,25.0,77,0.0
2025-05-03 21:00:00,Bengaluru,22.7,65,0.0
2025-05-03 22:00:00,Bengaluru,22.4,73,0.0
2025-05-03 23:00:00,Bengaluru,20.1,62,0.0
2025-05-04 00:00:00,Bengaluru,21.8,68,1.6
2025-05-04 01:00:00,Bengaluru,20.9,60,0.0
2025-05-04 02:00:00,Bengaluru,26.4,64,0.0
2025-05-04 03:00:00,Bengaluru,23.0,63,0.0
2025-05-04 04:00:00,Bengaluru,28.9,81,0.0
2025-05-04 05:00:00,Bengaluru,24.3,79,0.0
2025-05-04 06:00:00,Bengaluru,19.9,62,0.0
2025-05-04 07:00:00,Bengaluru,26.2,88,0.0
2025-05-04 08:00:00,Bengaluru,27.6,71,0.0
2025-05-04 09:00:00,Bengaluru,31.8,75,4.5
2025-05-04 10:00:00,Bengaluru,24.1,85,4.2
2025-05-04 11:00:00,Bengaluru,23.5,61,0.0
2025-05-04 12:00:00,Bengaluru,20.6,71,0.0
2025-05-04 13:00:00,Bengaluru,24.1,82,1.8
2025-05-04 14:00:00,Bengaluru,25.7,63,0.0
2025-05-04 15:00:00,Bengaluru,26.1,79,0.0
2025-05-04 16:00:00,Bengaluru,25.9,82,0.0
2025-05-04 17:00:00,Bengaluru,19.9,85,0.0
2025-05-04 18:00:00,Bengaluru,28.7,85,0.0
2025-05-04 19:00:00,Bengaluru,30.8,68,0.0
2025-05-04 20:00:00,Bengaluru,26.1,86,0.0
2025-05-04 21:00:00,Bengaluru,28.1,82,0.0
2025-05-04 22:00:00,Bengaluru,24.2,68,0.0
2025-05-04 23:00:00,Bengaluru,23.9,80,0.0
2025-05-05 00:00:00,Bengaluru,25.1,63,0.0
2025-05-05 01:00:00,Bengaluru,22.0,82,1.3
2025-05-05 02:00:00,Bengaluru,23.4,71,1.5
2025-05-05 03:00:00,Bengaluru,29.9,72,0.0
2025-05-05 04:00:00,Bengaluru,26.8,69,0.0
2025-05-05 05:00:00,Bengaluru,26.6,79,0.0
2025-05-05 06:00:00,Bengaluru,25.9,77,0.0
2025-05-05 07:00:00,Bengaluru,22.7,82,0.0
2025-05-05 08:00:00,Bengaluru,25.9,77,0.0
2025-05-05 09:00:00,Bengaluru,23.9,62,4.3
2025-05-05 10:00:00,Bengaluru,27.4,67,4.3
2025-05-05 11:00:00,Bengaluru,24.3,68,0.0
2025-05-05 12:00:00,Bengaluru,26.9,88,2.7
2025-05-05 13:00:00,Bengaluru,26.1,84,0.5
2025-05-05 14:00:00,Bengaluru,24.9,69,0.0
2025-05-05 15:00:00,Bengaluru,24.2,69,0.0
2025-05-05 16:00:00,Bengaluru,19.7,63,0.3
2025-05-05 17:00:00,Bengaluru,17.9,77,0.0
2025-05-05 18:00:00,Bengaluru,23.2,61,0.0
2025-05-05 19:00:00,Bengaluru,24.3,65,0.0
2025-05-05 20:00:00,Bengaluru,21.2,62,0.0
2025-05-05 21:00:00,Bengaluru,23.7,75,0.0
2025-05-05 22:00:00,Bengaluru,25.7,86,0.0
2025-05-05 23:00:00,Bengaluru,26.3,63,0.0
2025-05-06 00:00:00,Bengaluru,21.6,87,0.0
2025-05-06 01:00:00,Bengaluru,21.6,70,0.0
2025-05-06 02:00:00,Bengaluru,18.8,61,0.0
2025-05-06 03:00:00,Bengaluru,20.4,67,0.0
2025-05-06 04:00:00,Bengaluru,23.0,60,0.0
2025-05-06 05:00:00,Bengaluru,27.4,65,0.0
2025-05-06 06:00:00,Bengaluru,26.8,83,0.0
2025-05-06 07:00:00,Bengaluru,19.4,87,0.0
2025-05-06 08:00:00,Bengaluru,28.3,79,4.3
2025-05-06 09:00:00,Bengaluru,25.0,83,4.3
2025-05-06 10:00:00,Bengaluru,21.3,64,4.5
2025-05-06 11:00:00,Bengaluru,25.6,78,4.6
2025-05-06 12:00:00,Bengaluru,25.4,72,0.0
2025-05-06 13:00:00,Bengaluru,25.6,81,3.4
2025-05-06 14:00:00,Bengaluru,23.4,70,0.0
2025-05-06 15:00:00,Bengaluru,22.9,80,0.1
2025-05-06 16:00:00,Bengaluru,27.3,68,1.3
2025-05-06 17:00:00,Bengaluru,19.1,67,0.0
2025-05-06 18:00:00,Bengaluru,23.8,64,1.8
2025-05-06 19:00:00,Bengaluru,20.9,84,0.0
2025-05-06 20:00:00,Bengaluru,21.5,65,0.0
2025-05-06 21:00:00,Bengaluru,20.0,61,0.0
2025-05-06 22:00:00,Bengaluru,25.6,72,0.0
2025-05-06 23:00:00,Bengaluru,23.7,69,4.4
2025-05-07 00:00:00,Bengaluru,22.9,73,0.0
2025-05-07 01:00:00,Bengaluru,19.9,89,0.0
2025-05-07 02:00:00,Bengaluru,24.7,74,4.0
2025-05-07 03:00:00,Bengaluru,26.8,87,0.0
2025-05-07 04:00:00,Bengaluru,25.7,69,3.3
2025-05-07 05:00:00,Bengaluru,23.4,74,1.2
2025-05-07 06:00:00,Bengaluru,28.2,71,1.4
2025-05-07 07:00:00,Bengaluru,20.9,75,4.2
2025-05-07 08:00:00,Bengaluru,28.5,88,0.0
2025-05-07 09:00:00,Bengaluru,20.0,68,0.0
2025-05-07 10:00:00,Bengaluru,26.2,64,0.0
2025-05-07 11:00:00,Bengaluru,22.8,65,0.0
2025-05-07 12:00:00,Bengaluru,24.3,80,0.0
2025-05-07 13:00:00,Bengaluru,23.3,64,0.2
2025-05-07 14:00:00,Bengaluru,26.9,63,0.0
2025-05-07 15:00:00,Bengaluru,27.5,68,0.0
2025-05-07 16:00:00,Bengaluru,21.7,68,2.9
2025-05-07 17:00:00,Bengaluru,27.0,79,0.0
2025-05-07 18:00:00,Bengaluru,28.0,83,0.0
2025-05-07 19:00:00,Bengaluru,21.7,76,0.0
2025-05-07 20:00:00,Bengaluru,24.3,88,0.0
2025-05-07 21:00:00,Bengaluru,20.8,69,1.0
2025-05-07 22:00:00,Bengaluru,25.9,68,0.0
2025-05-07 23:00:00,Bengaluru,22.6,67,3.2
2025-05-08 00:00:00,Bengaluru,21.0,76,4.9
2025-05-08 01:00:00,Bengaluru,27.3,88,0.0
2025-05-08 02:00:00,Bengaluru,24.8,83,0.7
2025-05-08 03:00:00,Bengaluru,18.4,81,0.0
2025-05-08 04:00:00,Bengaluru,24.5,69,3.4
2025-05-08 05:00:00,Bengaluru,25.8,70,0.0
2025-05-08 06:00:00,Bengaluru,23.7,70,0.0
2025-05-08 07:00:00,Bengaluru,28.4,79,1.5
2025-05-08 08:00:00,Bengaluru,22.4,62,1.7
2025-05-08 09:00:00,Bengaluru,26.7,75,0.0
2025-05-08 10:00:00,Bengaluru,22.8,88,3.0
2025-05-08 11:00:00,Bengaluru,23.2,70,0.0
2025-05-08 12:00:00,Bengaluru,25.1,89,0.0
2025-05-08 13:00:00,Bengaluru,31.0,87,2.9
2025-05-08 14:00:00,Bengaluru,20.0,68,0.0
2025-05-08 15:00:00,Bengaluru,24.7,84,0.0
2025-05-08 16:00:00,Bengaluru,28.3,79,0.0
2025-05-08 17:00:00,Bengaluru,25.0,78,0.0
2025-05-08 18:00:00,Bengaluru,27.2,89,0.0
2025-05-08 19:00:00,Bengaluru,22.1,60,0.0
2025-05-08 20:00:00,Bengaluru,26.8,75,0.0
2025-05-08 21:00:00,Bengaluru,23.7,65,0.0
2025-05-08 22:00:00,Bengaluru,25.8,73,0.0
2025-05-08 23:00:00,Bengaluru,31.7,62,0.0
2025-05-09 00:00:00,Bengaluru,28.0,60,0.0
2025-05-09 01:00:00,Bengaluru,24.6,76,0.0
2025-05-09 02:00:00,Bengaluru,31.5,86,4.7
2025-05-09 03:00:00,Bengaluru,23.6,79,0.0
2025-05-09 04:00:00,Bengaluru,24.2,74,0.0
2025-05-09 05:00:00,Bengaluru,19.3,72,0.0
2025-05-09 06:00:00,Bengaluru,24.2,89,0.0
2025-05-09 07:00:00,Bengaluru,25.9,68,0.0
2025-05-09 08:00:00,Bengaluru,30.0,69,0.0
2025-05-09 09:00:00,Bengaluru,19.2,74,0.0
2025-05-09 10:00:00,Bengaluru,21.1,77,0.0
2025-05-09 11:00:00,Bengaluru,25.7,74,0.0
2025-05-09 12:00:00,Bengaluru,32.9,70,0.0
2025-05-09 13:00:00,Bengaluru,22.8,87,0.2
2025-05-09 14:00:00,Bengaluru,22.3,73,2.3
2025-05-09 15:00:00,Bengaluru,23.8,67,0.0
2025-05-09 16:00:00,Bengaluru,26.1,82,0.0
2025-05-09 17:00:00,Bengaluru,21.6,73,1.8
2025-05-09 18:00:00,Bengaluru,25.5,65,0.0
2025-05-09 19:00:00,Bengaluru,26.9,65,0.0
2025-05-09 20:00:00,Bengaluru,26.0,85,2.5
2025-05-09 21:00:00,Bengaluru,24.1,74,0.0
2025-05-09 22:00:00,Bengaluru,25.6,64,1.0
2025-05-09 23:00:00,Bengaluru,22.3,70,0.0
2025-05-10 00:00:00,Bengaluru,22.0,82,0.9
2025-05-10 01:00:00,Bengaluru,24.9,87,3.4
2025-05-10 02:00:00,Bengaluru,27.4,68,1.8
2025-05-10 03:00:00,Bengaluru,25.3,63,0.0
2025-05-10 04:00:00,Bengaluru,23.7,89,0.0
2025-05-10 05:00:00,Bengaluru,27.3,64,0.0
2025-05-10 06:00:00,Bengaluru,23.2,67,1.4
2025-05-10 07:00:00,Bengaluru,23.6,73,0.0
2025-05-10 08:00:00,Bengaluru,23.7,61,0.0
2025-05-10 09:00:00,Bengaluru,19.7,82,0.0
2025-05-10 10:00:00,Bengaluru,26.3,77,4.2
2025-05-10 11:00:00,Bengaluru,22.9,81,0.0
2025-05-10 12:00:00,Bengaluru,26.9,83,0.0
2025-05-10 13:00:00,Bengaluru,29.0,81,0.0
2025-05-10 14:00:00,Bengaluru,25.4,61,4.2
2025-05-10 15:00:00,Bengaluru,26.0,81,0.0
2025-05-10 16:00:00,Bengaluru,29.9,79,0.0
2025-05-10 17:00:00,Bengaluru,22.8,78,0.0
2025-05-10 18:00:00,Bengaluru,27.4,71,0.0
2025-05-10 19:00:00,Bengaluru,24.0,83,4.9
2025-05-10 20:00:00,Bengaluru,26.9,79,0.0
2025-05-10 21:00:00,Bengaluru,24.8,77,0.3
2025-05-10 22:00:00,Bengaluru,25.8,86,0.0
2025-05-10 23:00:00,Bengaluru,27.2,67,0.9
2025-05-11 00:00:00,Bengaluru,27.7,87,0.2
2025-05-11 01:00:00,Bengaluru,23.4,76,4.3
2025-05-11 02:00:00,Bengaluru,27.0,86,0.0
2025-05-11 03:00:00,Bengaluru,29.4,78,0.0
2025-05-11 04:00:00,Bengaluru,30.3,61,0.0
2025-05-11 05:00:00,Bengaluru,29.7,71,4.5
2025-05-11 06:00:00,Bengaluru,27.7,83,1.1
2025-05-11 07:00:00,Bengaluru,24.5,68,0.0
2025-05-11 08:00:00,Bengaluru,26.3,75,0.0
2025-05-11 09:00:00,Bengaluru,25.0,65,1.4
2025-05-11 10:00:00,Bengaluru,24.9,73,0.0
2025-05-11 11:00:00,Bengaluru,26.9,68,0.0
2025-05-11 12:00:00,Bengaluru,24.3,66,4.1
2025-05-11 13:00:00,Bengaluru,23.1,84,0.0
2025-05-11 14:00:00,Bengaluru,22.8,79,0.0
2025-05-11 15:00:00,Bengaluru,27.1,85,0.0
2025-05-11 16:00:00,Bengaluru,30.8,82,0.0
2025-05-11 17:00:00,Bengaluru,32.8,67,3.1
2025-05-11 18:00:00,Bengaluru,26.8,76,0.0
2025-05-11 19:00:00,Bengaluru,21.4,89,0.0
2025-05-11 20:00:00,Bengaluru,26.1,88,0.0
2025-05-11 21:00:00,Bengaluru,21.0,61,0.0
2025-05-11 22:00:00,Bengaluru,29.6,76,0.0
2025-05-11 23:00:00,Bengaluru,23.2,62,0.0
2025-05-12 00:00:00,Bengaluru,23.9,69,1.1
2025-05-12 01:00:00,Bengaluru,26.3,80,2.2
2025-05-12 02:00:00,Bengaluru,18.3,67,0.0
2025-05-12 03:00:00,Bengaluru,22.2,81,0.0
2025-05-12 04:00:00,Bengaluru,29.1,68,1.0
2025-05-12 05:00:00,Bengaluru,22.5,69,0.0
2025-05-12 06:00:00,Bengaluru,23.5,74,2.6
2025-05-12 07:00:00,Bengaluru,26.1,76,1.6
2025-05-12 08:00:00,Bengaluru,25.6,60,0.0
2025-05-12 09:00:00,Bengaluru,22.3,61,0.0
2025-05-12 10:00:00,Bengaluru,24.1,86,0.0
2025-05-12 11:00:00,Bengaluru,21.8,71,0.0
2025-05-12 12:00:00,Bengaluru,25.1,86,0.0
2025-05-12 13:00:00,Bengaluru,29.3,87,0.0
2025-05-12 14:00:00,Bengaluru,24.8,83,0.9
2025-05-12 15:00:00,Bengaluru,21.6,77,0.0
2025-05-12 16:00:00,Bengaluru,23.0,64,0.0
2025-05-12 17:00:00,Bengaluru,26.8,83,3.2
2025-05-12 18:00:00,Bengaluru,23.0,88,2.8
2025-05-12 19:00:00,Bengaluru,26.0,84,0.0
2025-05-12 20:00:00,Bengaluru,19.8,79,0.0
2025-05-12 21:00:00,Bengaluru,24.6,88,3.3
2025-05-12 22:00:00,Bengaluru,28.1,82,2.5
2025-05-12 23:00:00,Bengaluru,26.5,83,0.7
2025-05-13 00:00:00,Bengaluru,25.6,64,0.0
2025-05-13 01:00:00,Bengaluru,25.4,65,4.1
2025-05-13 02:00:00,Bengaluru,27.9,67,2.2
2025-05-13 03:00:00,Bengaluru,29.1,67,0.0
2025-05-13 04:00:00,Bengaluru,25.0,89,0.0
2025-05-13 05:00:00,Bengaluru,26.2,80,0.0
2025-05-13 06:00:00,Bengaluru,25.8,89,0.0
2025-05-13 07:00:00,Bengaluru,28.3,81,0.0
2025-05-13 08:00:00,Bengaluru,26.5,81,1.7
2025-05-13 09:00:00,Bengaluru,24.4,73,1.5
2025-05-13 10:00:00,Bengaluru,24.1,70,0.0
2025-05-13 11:00:00,Bengaluru,29.0,80,0.0
2025-05-13 12:00:00,Bengaluru,22.7,64,0.0
2025-05-13 13:00:00,Bengaluru,23.8,75,3.7
2025-05-13 14:00:00,Bengaluru,26.4,88,0.0
2025-05-13 15:00:00,Bengaluru,20.9,87,0.0
2025-05-13 16:00:00,Bengaluru,24.0,64,0.0
2025-05-13 17:00:00,Bengaluru,30.4,66,1.2
2025-05-13 18:00:00,Bengaluru,29.2,66,2.8
2025-05-13 19:00:00,Bengaluru,22.1,61,1.0
2025-05-13 20:00:00,Bengaluru,21.9,77,0.0
2025-05-13 21:00:00,Bengaluru,27.2,68,0.0
2025-05-13 22:00:00,Bengaluru,28.2,89,0.0
2025-05-13 23:00:00,Bengaluru,23.4,62,0.0
2025-05-14 00:00:00,Bengaluru,22.7,62,0.0
2025-05-14 01:00:00,Bengaluru,21.5,87,0.0
2025-05-14 02:00:00,Bengaluru,25.0,78,0.0
2025-05-14 03:00:00,Bengaluru,23.9,65,0.0
2025-05-14 04:00:00,Bengaluru,27.5,64,0.0
2025-05-14 05:00:00,Bengaluru,28.1,84,0.0
2025-05-14 06:00:00,Bengaluru,21.9,67,0.0
2025-05-14 07:00:00,Bengaluru,28.5,78,3.5
2025-05-14 08:00:00,Bengaluru,25.8,65,0.0
2025-05-14 09:00:00,Bengaluru,23.1,72,2.8
2025-05-14 10:00:00,Bengaluru,26.5,78,0.0
2025-05-14 11:00:00,Bengaluru,25.0,70,0.0
2025-05-14 12:00:00,Bengaluru,24.3,75,0.0
2025-05-14 13:00:00,Bengaluru,23.5,84,2.6
2025-05-14 14:00:00,Bengaluru,24.2,83,2.0
2025-05-14 15:00:00,Bengaluru,31.3,86,0.0
2025-05-14 16:00:00,Bengaluru,25.5,79,1.7
2025-05-14 17:00:00,Bengaluru,24.2,72,0.0
2025-05-14 18:00:00,Bengaluru,26.8,79,0.0
2025-05-14 19:00:00,Bengaluru,26.2,69,3.1
2025-05-14 20:00:00,Bengaluru,21.7,69,2.5
2025-05-14 21:00:00,Bengaluru,26.1,70,0.0
2025-05-14 22:00:00,Bengaluru,31.0,88,0.0
2025-05-14 23:00:00,Bengaluru,19.9,76,0.0
2025-05-15 00:00:00,Bengaluru,26.7,69,2.0
2025-05-15 01:00:00,Bengaluru,26.5,79,0.5
2025-05-15 02:00:00,Bengaluru,23.7,65,0.0
2025-05-15 03:00:00,Bengaluru,20.9,60,0.0
2025-05-15 04:00:00,Bengaluru,23.6,64,0.0
2025-05-15 05:00:00,Bengaluru,20.7,82,0.0
2025-05-15 06:00:00,Bengaluru,24.4,71,0.4
2025-05-15 07:00:00,Bengaluru,25.1,60,2.5
2025-05-15 08:00:00,Bengaluru,26.1,80,0.0
2025-05-15 09:00:00,Bengaluru,24.1,86,0.0
2025-05-15 10:00:00,Bengaluru,25.3,65,0.0
2025-05-15 11:00:00,Bengaluru,27.0,62,0.0
2025-05-15 12:00:00,Bengaluru,25.2,88,0.0
2025-05-15 13:00:00,Bengaluru,23.9,82,0.0
2025-05-15 14:00:00,Bengaluru,27.6,65,0.0
2025-05-15 15:00:00,Bengaluru,22.8,88,0.6
2025-05-15 16:00:00,Bengaluru,21.8,68,0.0
2025-05-15 17:00:00,Bengaluru,24.8,87,0.0
2025-05-15 18:00:00,Bengaluru,29.2,84,0.0
2025-05-15 19:00:00,Bengaluru,20.9,71,3.5
2025-05-15 20:00:00,Bengaluru,20.6,86,0.0
2025-05-15 21:00:00,Bengaluru,23.1,84,0.0
2025-05-15 22:00:00,Bengaluru,27.5,78,0.0
2025-05-15 23:00:00,Bengaluru,28.8,65,4.9
2025-05-16 00:00:00,Bengaluru,27.7,66,0.0
2025-05-16 01:00:00,Bengaluru,26.3,71,0.0
2025-05-16 02:00:00,Bengaluru,30.2,76,0.0
2025-05-16 03:00:00,Bengaluru,25.4,62,0.0
2025-05-16 04:00:00,Bengaluru,21.6,63,0.0
2025-05-16 05:00:00,Bengaluru,25.1,72,1.1
2025-05-16 06:00:00,Bengaluru,21.8,76,2.1
2025-05-16 07:00:00,Bengaluru,20.7,66,0.0
2025-05-16 08:00:00,Bengaluru,28.2,61,0.0
2025-05-16 09:00:00,Bengaluru,21.4,80,4.5
2025-05-16 10:00:00,Bengaluru,23.3,72,2.3
2025-05-16 11:00:00,Bengaluru,23.8,66,0.0
2025-05-16 12:00:00,Bengaluru,19.8,75,0.0
2025-05-16 13:00:00,Bengaluru,25.1,82,0.0
2025-05-16 14:00:00,Bengaluru,23.4,76,0.0
2025-05-16 15:00:00,Bengaluru,24.7,66,0.0
2025-05-16 16:00:00,Bengaluru,25.2,77,3.2
2025-05-16 17:00:00,Bengaluru,24.9,73,4.9
2025-05-16 18:00:00,Bengaluru,26.9,66,0.0
2025-05-16 19:00:00,Bengaluru,26.8,70,0.0
2025-05-16 20:00:00,Bengaluru,22.0,87,0.0
2025-05-16 21:00:00,Bengaluru,23.9,78,0.0
2025-05-16 22:00:00,Bengaluru,21.7,87,0.0
2025-05-16 23:00:00,Bengaluru,23.7,64,0.0
2025-05-17 00:00:00,Bengaluru,24.2,78,0.5
2025-05-17 01:00:00,Bengaluru,26.5,75,0.0
2025-05-17 02:00:00,Bengaluru,21.7,89,4.7
2025-05-17 03:00:00,Bengaluru,26.1,74,0.0
2025-05-17 04:00:00,Bengaluru,24.3,75,0.0
2025-05-17 05:00:00,Bengaluru,22.9,69,0.0
2025-05-17 06:00:00,Bengaluru,25.7,83,0.0
2025-05-17 07:00:00,Bengaluru,24.2,67,0.0
2025-05-17 08:00:00,Bengaluru,25.8,87,0.0
2025-05-17 09:00:00,Bengaluru,21.3,78,4.1
2025-05-17 10:00:00,Bengaluru,26.9,76,0.0
2025-05-17 11:00:00,Bengaluru,25.0,83,0.6
2025-05-17 12:00:00,Bengaluru,21.5,69,0.0
2025-05-17 13:00:00,Bengaluru,28.0,66,0.0
2025-05-17 14:00:00,Bengaluru,20.6,66,4.1
2025-05-17 15:00:00,Bengaluru,26.3,76,2.6
2025-05-17 16:00:00,Bengaluru,19.0,89,2.8
2025-05-17 17:00:00,Bengaluru,21.3,71,0.0
2025-05-17 18:00:00,Bengaluru,26.5,65,0.0
2025-05-17 19:00:00,Bengaluru,19.1,61,0.0
2025-05-17 20:00:00,Bengaluru,21.9,72,3.6
2025-05-17 21:00:00,Bengaluru,24.1,80,0.0
2025-05-17 22:00:00,Bengaluru,26.6,67,0.0
2025-05-17 23:00:00,Bengaluru,22.4,70,1.0
2025-05-18 00:00:00,Bengaluru,23.1,69,2.7
2025-05-18 01:00:00,Bengaluru,31.4,86,0.0
2025-05-18 02:00:00,Bengaluru,27.7,81,0.0
2025-05-18 03:00:00,Bengaluru,20.4,64,0.3
2025-05-18 04:00:00,Bengaluru,30.0,82,0.0
2025-05-18 05:00:00,Bengaluru,22.6,89,0.0
2025-05-18 06:00:00,Bengaluru,23.4,68,4.3
2025-05-18 07:00:00,Bengaluru,21.1,65,0.0
2025-05-18 08:00:00,Bengaluru,24.2,82,0.0
2025-05-18 09:00:00,Bengaluru,21.4,79,0.0
2025-05-18 10:00:00,Bengaluru,18.4,84,0.0
2025-05-18 11:00:00,Bengaluru,22.9,61,0.7
2025-05-18 12:00:00,Bengaluru,29.2,82,0.0
2025-05-18 13:00:00,Bengaluru,29.2,70,4.5
2025-05-18 14:00:00,Bengaluru,25.0,75,0.0
2025-05-18 15:00:00,Bengaluru,25.7,79,0.0
2025-05-18 16:00:00,Bengaluru,26.2,78,0.0
2025-05-18 17:00:00,Bengaluru,22.3,60,0.0
2025-05-18 18:00:00,Bengaluru,26.2,83,0.0
2025-05-18 19:00:00,Bengaluru,24.2,79,0.0
2025-05-18 20:00:00,Bengaluru,26.4,89,2.2
2025-05-18 21:00:00,Bengaluru,23.0,87,0.0
2025-05-18 22:00:00,Bengaluru,22.7,85,0.0
2025-05-18 23:00:00,Bengaluru,29.0,83,0.0
2025-05-19 00:00:00,Bengaluru,22.6,79,0.0
2025-05-19 01:00:00,Bengaluru,28.5,88,0.6
2025-05-19 02:00:00,Bengaluru,22.7,80,3.4
2025-05-19 03:00:00,Bengaluru,26.8,71,0.0
2025-05-19 04:00:00,Bengaluru,26.4,89,0.0
2025-05-19 05:00:00,Bengaluru,31.6,74,0.0
2025-05-19 06:00:00,Bengaluru,25.2,81,1.5
2025-05-19 07:00:00,Bengaluru,27.8,67,0.0
2025-05-19 08:00:00,Bengaluru,20.5,60,0.0
2025-05-19 09:00:00,Bengaluru,29.9,66,0.0
2025-05-19 10:00:00,Bengaluru,25.5,78,0.0
2025-05-19 11:00:00,Bengaluru,22.7,88,0.0
2025-05-19 12:00:00,Bengaluru,21.5,81,0.0
2025-05-19 13:00:00,Bengaluru,23.3,71,0.0
2025-05-19 14:00:00,Bengaluru,25.6,81,3.6
2025-05-19 15:00:00,Bengaluru,28.6,63,0.0
2025-05-19 16:00:00,Bengaluru,30.1,71,4.3
2025-05-19 17:00:00,Bengaluru,23.3,62,2.5
2025-05-19 18:00:00,Bengaluru,30.0,61,0.0
2025-05-19 19:00:00,Bengaluru,24.2,80,2.1
2025-05-19 20:00:00,Bengaluru,26.0,85,4.3
2025-05-19 21:00:00,Bengaluru,18.8,81,0.0
2025-05-19 22:00:00,Bengaluru,23.1,80,0.1
2025-05-19 23:00:00,Bengaluru,26.7,72,0.0
2025-05-20 00:00:00,Bengaluru,29.3,60,0.0
2025-05-20 01:00:00,Bengaluru,17.9,67,3.4
2025-05-20 02:00:00,Bengaluru,22.6,67,0.0
2025-05-20 03:00:00,Bengaluru,24.3,62,0.0
2025-05-20 04:00:00,Bengaluru,25.3,63,0.0
2025-05-20 05:00:00,Bengaluru,25.2,71,0.0
2025-05-20 06:00:00,Bengaluru,22.2,78,0.0
2025-05-20 07:00:00,Bengaluru,23.4,76,1.8
2025-05-20 08:00:00,Bengaluru,23.8,78,0.0
2025-05-20 09:00:00,Bengaluru,28.1,69,0.0
2025-05-20 10:00:00,Bengaluru,30.3,72,0.0
2025-05-20 11:00:00,Bengaluru,22.6,83,0.0
2025-05-20 12:00:00,Bengaluru,21.6,83,0.0
2025-05-20 13:00:00,Bengaluru,23.8,60,0.0
2025-05-20 14:00:00,Bengaluru,22.7,67,0.0
2025-05-20 15:00:00,Bengaluru,28.0,80,0.0
2025-05-20 16:00:00,Bengaluru,23.6,76,4.8
2025-05-20 17:00:00,Bengaluru,24.1,80,1.8
2025-05-20 18:00:00,Bengaluru,21.5,67,0.0
2025-05-20 19:00:00,Bengaluru,16.9,81,0.0
2025-05-20 20:00:00,Bengaluru,18.9,89,0.0
2025-05-20 21:00:00,Bengaluru,24.4,88,0.0
2025-05-20 22:00:00,Bengaluru,26.6,86,0.0
2025-05-20 23:00:00,Bengaluru,19.7,84,3.7
2025-05-21 00:00:00,Bengaluru,27.6,73,0.0
2025-05-21 01:00:00,Bengaluru,23.1,85,0.0
2025-05-21 02:00:00,Bengaluru,27.1,65,3.2
2025-05-21 03:00:00,Bengaluru,19.5,78,0.0
2025-05-21 04:00:00,Bengaluru,26.2,85,4.1
2025-05-21 05:00:00,Bengaluru,25.8,83,4.8
2025-05-21 06:00:00,Bengaluru,26.7,72,0.0
2025-05-21 07:00:00,Bengaluru,23.6,63,0.0
2025-05-21 08:00:00,Bengaluru,25.1,64,4.6
2025-05-21 09:00:00,Bengaluru,26.6,82,0.0
2025-05-21 10:00:00,Bengaluru,21.8,71,0.0
2025-05-21 11:00:00,Bengaluru,24.4,75,2.4
2025-05-21 12:00:00,Bengaluru,25.1,70,1.3
2025-05-21 13:00:00,Bengaluru,19.9,84,0.0
2025-05-21 14:00:00,Bengaluru,22.3,88,0.0
2025-05-21 15:00:00,Bengaluru,23.4,61,0.0
2025-05-21 16:00:00,Bengaluru,32.8,86,1.8
2025-05-21 17:00:00,Bengaluru,29.5,76,0.0
2025-05-21 18:00:00,Bengaluru,23.3,73,0.0
2025-05-21 19:00:00,Bengaluru,30.2,68,0.0
2025-05-21 20:00:00,Bengaluru,20.3,78,0.0
2025-05-21 21:00:00,Bengaluru,29.0,83,0.0
2025-05-21 22:00:00,Bengaluru,32.8,80,0.0
2025-05-21 23:00:00,Bengaluru,27.1,74,0.0
2025-05-22 00:00:00,Bengaluru,22.8,81,0.0
2025-05-22 01:00:00,Bengaluru,22.5,86,0.0
2025-05-22 02:00:00,Bengaluru,26.0,81,5.0
2025-05-22 03:00:00,Bengaluru,20.2,60,0.0
2025-05-22 04:00:00,Bengaluru,26.5,78,0.0
2025-05-22 05:00:00,Bengaluru,29.6,72,0.0
2025-05-22 06:00:00,Bengaluru,22.3,62,1.4
2025-05-22 07:00:00,Bengaluru,25.1,82,2.7
2025-05-22 08:00:00,Bengaluru,23.1,72,0.0
2025-05-22 09:00:00,Bengaluru,28.4,76,0.0
2025-05-22 10:00:00,Bengaluru,28.8,86,2.4
2025-05-22 11:00:00,Bengaluru,27.3,81,0.0
2025-05-22 12:00:00,Bengaluru,25.6,77,0.0
2025-05-22 13:00:00,Bengaluru,21.3,89,0.0
2025-05-22 14:00:00,Bengaluru,27.0,84,0.0
2025-05-22 15:00:00,Bengaluru,22.5,86,0.0
2025-05-22 16:00:00,Bengaluru,29.8,67,0.0
2025-05-22 17:00:00,Bengaluru,20.7,78,1.1
2025-05-22 18:00:00,Bengaluru,27.1,65,0.0
2025-05-22 19:00:00,Bengaluru,29.7,60,0.0
2025-05-22 20:00:00,Bengaluru,24.3,69,0.0
2025-05-22 21:00:00,Bengaluru,27.3,72,0.0
2025-05-22 22:00:00,Bengaluru,24.7,79,0.0
2025-05-22 23:00:00,Bengaluru,22.1,69,0.0
2025-05-23 00:00:00,Bengaluru,23.1,63,0.0
2025-05-23 01:00:00,Bengaluru,28.2,83,0.0
2025-05-23 02:00:00,Bengaluru,25.7,84,0.0
2025-05-23 03:00:00,Bengaluru,28.4,71,1.5
2025-05-23 04:00:00,Bengaluru,26.6,81,4.6
2025-05-23 05:00:00,Bengaluru,27.9,89,0.0
2025-05-23 06:00:00,Bengaluru,24.0,68,0.0
2025-05-23 07:00:00,Bengaluru,19.1,68,0.0
2025-05-23 08:00:00,Bengaluru,25.5,84,0.0
2025-05-23 09:00:00,Bengaluru,23.0,81,0.0
2025-05-23 10:00:00,Bengaluru,29.3,72,0.0
2025-05-23 11:00:00,Bengaluru,29.5,84,0.0
2025-05-23 12:00:00,Bengaluru,24.7,89,2.2
2025-05-23 13:00:00,Bengaluru,26.5,75,0.0
2025-05-23 14:00:00,Bengaluru,26.8,74,3.5
2025-05-23 15:00:00,Bengaluru,28.4,84,0.0
2025-05-23 16:00:00,Bengaluru,25.6,72,0.0
2025-05-23 17:00:00,Bengaluru,22.3,71,0.0
2025-05-23 18:00:00,Bengaluru,28.3,74,0.0
2025-05-23 19:00:00,Bengaluru,23.3,82,0.0
2025-05-23 20:00:00,Bengaluru,31.2,67,0.0
2025-05-23 21:00:00,Bengaluru,25.6,82,0.0
2025-05-23 22:00:00,Bengaluru,24.0,72,0.0
2025-05-23 23:00:00,Bengaluru,31.2,75,0.0
2025-05-24 00:00:00,Bengaluru,29.6,78,0.0
2025-05-24 01:00:00,Bengaluru,25.9,68,3.0
2025-05-24 02:00:00,Bengaluru,22.8,85,0.0
2025-05-24 03:00:00,Bengaluru,22.7,85,0.0
2025-05-24 04:00:00,Bengaluru,22.8,83,0.6
2025-05-24 05:00:00,Bengaluru,25.2,76,0.0
2025-05-24 06:00:00,Bengaluru,24.0,76,4.7
2025-05-24 07:00:00,Bengaluru,24.4,80,4.9
2025-05-24 08:00:00,Bengaluru,28.0,65,2.9
2025-05-24 09:00:00,Bengaluru,29.3,68,2.8
2025-05-24 10:00:00,Bengaluru,23.1,69,0.0
2025-05-24 11:00:00,Bengaluru,23.3,75,0.0
2025-05-24 12:00:00,Bengaluru,25.6,73,2.0
2025-05-24 13:00:00,Bengaluru,26.0,68,1.9
2025-05-24 14:00:00,Bengaluru,21.0,86,4.6
2025-05-24 15:00:00,Bengaluru,25.7,81,0.0
2025-05-24 16:00:00,Bengaluru,27.4,86,0.0
2025-05-24 17:00:00,Bengaluru,21.1,70,0.0
2025-05-24 18:00:00,Bengaluru,21.0,88,0.0
2025-05-24 19:00:00,Bengaluru,24.6,77,1.6
2025-05-24 20:00:00,Bengaluru,26.2,89,0.0
2025-05-24 21:00:00,Bengaluru,23.2,75,0.0
2025-05-24 22:00:00,Bengaluru,24.1,72,0.1
2025-05-24 23:00:00,Bengaluru,21.6,70,2.2
2025-05-25 00:00:00,Bengaluru,20.7,86,0.0
2025-05-25 01:00:00,Bengaluru,21.4,68,2.6
2025-05-25 02:00:00,Bengaluru,27.4,81,0.0
2025-05-25 03:00:00,Bengaluru,25.5,61,0.0
2025-05-25 04:00:00,Bengaluru,23.4,70,0.0
2025-05-25 05:00:00,Bengaluru,19.5,69,0.0
2025-05-25 06:00:00,Bengaluru,28.4,63,0.0
2025-05-25 07:00:00,Bengaluru,23.1,72,0.0
2025-05-25 08:00:00,Bengaluru,21.8,73,0.0
2025-05-25 09:00:00,Bengaluru,26.3,66,0.0
2025-05-25 10:00:00,Bengaluru,23.0,65,0.0
2025-05-25 11:00:00,Bengaluru,23.9,65,0.9
2025-05-25 12:00:00,Bengaluru,26.5,87,0.0
2025-05-25 13:00:00,Bengaluru,23.9,87,0.0
2025-05-25 14:00:00,Bengaluru,24.7,73,0.0
2025-05-25 15:00:00,Bengaluru,26.5,76,0.0
2025-05-25 16:00:00,Bengaluru,27.0,60,0.0
2025-05-25 17:00:00,Bengaluru,26.3,61,0.0
2025-05-25 18:00:00,Bengaluru,29.0,87,0.0
2025-05-25 19:00:00,Bengaluru,24.4,69,1.3
2025-05-25 20:00:00,Bengaluru,26.6,65,0.0
2025-05-25 21:00:00,Bengaluru,27.7,61,0.0
2025-05-25 22:00:00,Bengaluru,29.1,65,2.8
2025-05-25 23:00:00,Bengaluru,23.9,67,3.5
2025-05-26 00:00:00,Bengaluru,21.2,60,0.0
2025-05-26 01:00:00,Bengaluru,30.8,66,2.7
2025-05-26 02:00:00,Bengaluru,28.1,66,0.0
2025-05-26 03:00:00,Bengaluru,26.9,60,0.0
2025-05-26 04:00:00,Bengaluru,27.5,82,0.0
2025-05-26 05:00:00,Bengaluru,31.2,77,0.2
2025-05-26 06:00:00,Bengaluru,22.8,69,2.0
2025-05-26 07:00:00,Bengaluru,28.0,71,3.5
2025-05-26 08:00:00,Bengaluru,21.7,72,0.9
2025-05-26 09:00:00,Bengaluru,31.7,86,0.0
2025-05-26 10:00:00,Bengaluru,22.4,85,0.0
2025-05-26 11:00:00,Bengaluru,21.4,75,0.0
2025-05-26 12:00:00,Bengaluru,20.1,75,0.2
2025-05-26 13:00:00,Bengaluru,22.0,66,4.5
2025-05-26 14:00:00,Bengaluru,26.5,67,0.0
2025-05-26 15:00:00,Bengaluru,20.8,71,0.0
2025-05-26 16:00:00,Bengaluru,24.7,79,0.0
2025-05-26 17:00:00,Bengaluru,23.3,73,0.0
2025-05-26 18:00:00,Bengaluru,26.7,84,0.0
2025-05-26 19:00:00,Bengaluru,27.1,67,0.0
2025-05-26 20:00:00,Bengaluru,28.0,71,1.1
2025-05-26 21:00:00,Bengaluru,29.2,87,4.3
2025-05-26 22:00:00,Bengaluru,27.2,82,0.0
2025-05-26 23:00:00,Bengaluru,22.9,73,0.0
2025-05-27 00:00:00,Bengaluru,25.2,81,0.0
2025-05-27 01:00:00,Bengaluru,26.8,60,4.3
2025-05-27 02:00:00,Bengaluru,23.0,64,2.5
2025-05-27 03:00:00,Bengaluru,28.1,82,1.7
2025-05-27 04:00:00,Bengaluru,25.4,79,4.8
2025-05-27 05:00:00,Bengaluru,24.4,82,0.0
2025-05-27 06:00:00,Bengaluru,28.7,73,0.0
2025-05-27 07:00:00,Bengaluru,28.6,66,0.8
2025-05-27 08:00:00,Bengaluru,20.5,63,0.0
2025-05-27 09:00:00,Bengaluru,24.9,69,0.0
2025-05-27 10:00:00,Bengaluru,28.1,71,0.0
2025-05-27 11:00:00,Bengaluru,21.0,73,0.0
2025-05-27 12:00:00,Bengaluru,27.1,64,0.0
2025-05-27 13:00:00,Bengaluru,28.0,82,0.0
2025-05-27 14:00:00,Bengaluru,25.9,61,0.0
2025-05-27 15:00:00,Bengaluru,22.4,60,1.5
2025-05-27 16:00:00,Bengaluru,21.4,72,0.0
2025-05-27 17:00:00,Bengaluru,29.0,85,2.8
2025-05-27 18:00:00,Bengaluru,26.6,64,0.0
2025-05-27 19:00:00,Bengaluru,24.2,85,0.0
2025-05-27 20:00:00,Bengaluru,22.2,60,1.5
2025-05-27 21:00:00,Bengaluru,22.8,68,0.0
2025-05-27 22:00:00,Bengaluru,25.3,73,0.0
2025-05-27 23:00:00,Bengaluru,25.3,89,2.9
2025-05-28 00:00:00,Bengaluru,26.0,89,4.9
2025-05-28 01:00:00,Bengaluru,29.4,76,1.5
2025-05-28 02:00:00,Bengaluru,27.6,76,3.6
2025-05-28 03:00:00,Bengaluru,25.4,69,0.0
2025-05-28 04:00:00,Bengaluru,28.1,61,0.0
2025-05-28 05:00:00,Bengaluru,19.8,88,0.0
2025-05-28 06:00:00,Bengaluru,25.6,79,0.0
2025-05-28 07:00:00,Bengaluru,23.9,74,1.8
2025-05-28 08:00:00,Bengaluru,22.5,79,0.3
2025-05-28 09:00:00,Bengaluru,23.2,82,0.0
2025-05-28 10:00:00,Bengaluru,26.2,74,0.0
2025-05-28 11:00:00,Bengaluru,26.7,75,0.0
2025-05-28 12:00:00,Bengaluru,22.3,70,4.1
2025-05-28 13:00:00,Bengaluru,19.7,75,0.0
2025-05-28 14:00:00,Bengaluru,30.7,63,0.0
2025-05-28 15:00:00,Bengaluru,16.7,82,0.0
2025-05-28 16:00:00,Bengaluru,21.7,86,0.5
2025-05-28 17:00:00,Bengaluru,25.1,80,4.8
2025-05-28 18:00:00,Bengaluru,21.2,75,0.0
2025-05-28 19:00:00,Bengaluru,22.9,67,1.7
2025-05-28 20:00:00,Bengaluru,22.5,74,0.0
2025-05-28 21:00:00,Bengaluru,19.5,84,0.0
2025-05-28 22:00:00,Bengaluru,24.1,81,0.0
2025-05-28 23:00:00,Bengaluru,26.8,71,0.0
2025-05-29 00:00:00,Bengaluru,25.0,72,0.0
2025-05-29 01:00:00,Bengaluru,26.3,63,0.0
2025-05-29 02:00:00,Bengaluru,28.6,61,4.1
2025-05-29 03:00:00,Bengaluru,22.0,62,0.0
2025-05-29 04:00:00,Bengaluru,29.5,82,0.0
2025-05-29 05:00:00,Bengaluru,23.6,80,0.0
2025-05-29 06:00:00,Bengaluru,29.5,78,0.0
2025-05-29 07:00:00,Bengaluru,23.1,82,0.0
2025-05-29 08:00:00,Bengaluru,26.0,73,0.0
2025-05-29 09:00:00,Bengaluru,27.9,64,0.0
2025-05-29 10:00:00,Bengaluru,20.7,86,0.0
2025-05-29 11:00:00,Bengaluru,27.6,65,0.0
2025-05-29 12:00:00,Bengaluru,28.4,60,0.0
2025-05-29 13:00:00,Bengaluru,28.1,63,4.7
2025-05-29 14:00:00,Bengaluru,24.0,77,0.0
2025-05-29 15:00:00,Bengaluru,23.2,81,0.0
2025-05-29 16:00:00,Bengaluru,21.2,61,0.0
2025-05-29 17:00:00,Bengaluru,21.7,70,2.4
2025-05-29 18:00:00,Bengaluru,25.6,88,3.6
2025-05-29 19:00:00,Bengaluru,21.4,78,0.0
2025-05-29 20:00:00,Bengaluru,27.2,79,0.0
2025-05-29 21:00:00,Bengaluru,22.3,67,3.4
2025-05-29 22:00:00,Bengaluru,25.3,78,0.0
2025-05-29 23:00:00,Bengaluru,28.7,86,0.0
2025-05-30 00:00:00,Bengaluru,20.3,87,0.0
